repo_name,path,total_packages,total_files,total_lines,subdirectories,cmakelists_txt,cpp,docs,interface,launch,other,python,xml,C++,Configuration,Launch,Python,ROS Interface,XML
ecal,/home/qiguanxiao/ws_rep/ws_ecal,1,23991,1727813,2904,393,9592,1252,1,,12205,433,115,1590325,25199,,81984,132,30173
robotraconteur,/home/qiguanxiao/ws_rep/ws_robotraconteur,1,1784,1577527,313,42,271,153,,,1207,109,2,1513300,1991,,62203,,33
Fast-DDS,/home/qiguanxiao/ws_rep/dependencies/Fast-DDS,1,3655,543956,762,116,2810,35,,,519,27,148,521548,8030,,3280,,11098
libaditof,/home/qiguanxiao/ws_rep/dependencies/libaditof,1,3783,466565,631,25,1418,84,,,2095,136,25,422922,3582,,37473,,2588
gtsam,/home/qiguanxiao/ws_rep/dependencies/gtsam,1,5028,454973,390,125,2920,79,,,1637,240,27,407369,5592,,33229,,8783
rc_dynamics_api,/home/qiguanxiao/ws_rep/ws_rc_dynamics_api,1,5355,352088,548,29,1013,65,1,,4110,116,21,303042,2379,,44559,109,1999
librealsense2,/home/qiguanxiao/ws_rep/dependencies/librealsense2,1,3076,293333,555,131,1298,140,,,1269,143,95,270417,3803,,16638,,2475
rtabmap,/home/qiguanxiao/ws_rep/dependencies/rtabmap,1,1368,216739,213,44,753,7,,,544,5,15,211194,3596,,168,,1781
control_box_rst,/home/qiguanxiao/ws_rep/ws_control_box_rst,1,1097,189254,194,19,773,5,,,298,1,1,187647,1537,,50,,20
etsi_its_messages,/home/qiguanxiao/ws_rep/ws_etsi_its_messages,34,9082,186068,88,34,4254,34,973,1,3736,14,36,126211,2642,5,642,55680,888
moveit,/home/qiguanxiao/ws_rep/ws_moveit2,42,1505,158786,550,120,859,62,,9,252,98,105,141880,4353,203,8474,,3876
sick_scan_xd,/home/qiguanxiao/ws_rep/ws_sick_scan_xd,1,1442,143563,175,5,760,4,92,70,448,56,7,128469,929,6111,6130,1432,492
plotjuggler,/home/qiguanxiao/ws_rep/ws_PlotJuggler,1,1172,127045,102,31,565,12,,,545,8,11,124452,1191,,438,,964
proxsuite,/home/qiguanxiao/ws_rep/ws_proxsuite,1,1660,126944,315,32,459,71,,,1013,79,6,104415,1644,,20068,,817
motion_capture_tracking,/home/qiguanxiao/ws_rep/ws_motion_capture_tracking,2,1812,117764,236,38,584,44,2,1,1024,86,33,100075,3565,40,12187,4,1893
pinocchio,/home/qiguanxiao/ws_rep/dependencies/pinocchio,1,3763,113533,905,47,656,150,,12,2707,173,18,91672,2438,96,17910,,1417
mp2p_icp,/home/qiguanxiao/ws_rep/dependencies/mp2p_icp,1,1832,111847,263,46,821,96,,,834,27,8,107746,2482,,1211,,408
pangolin,/home/qiguanxiao/ws_rep/ws_Pangolin,1,13042,103914,3007,318,537,59,,,12045,80,3,76252,16167,,11450,,45
webots_ros2,/home/qiguanxiao/ws_rep/ws_webots_ros2,14,2200,96775,460,37,374,62,24,162,1236,137,168,73697,1057,2436,10488,195,8902
navigation2,/home/qiguanxiao/ws_rep/ws_navigation2,40,1198,95096,258,94,714,54,47,1,130,83,75,80719,3952,84,7848,336,2157
ompl,/home/qiguanxiao/ws_rep/dependencies/ompl,1,909,95014,179,10,667,49,,,145,37,1,90033,561,,4394,,26
rmf_traffic,/home/qiguanxiao/ws_rep/dependencies/rmf_traffic,2,671,92763,91,5,633,6,,,25,,2,92304,415,,,,44
rmf_ros2,/home/qiguanxiao/ws_rep/dependencies/rmf_ros2,5,621,91212,123,16,537,16,,,26,18,8,87579,1288,,2052,,293
iceoryx,/home/qiguanxiao/ws_rep/dependencies/iceoryx,5,977,90001,137,11,806,4,,,130,21,5,87522,1045,,1334,,100
mvsim,/home/qiguanxiao/ws_rep/dependencies/mvsim,1,748,85178,115,18,333,49,,9,279,26,34,79318,1251,121,1775,,2713
libfranka,/home/qiguanxiao/ws_rep/ws_libfranka,1,530,81190,97,9,263,59,,,160,38,1,71568,715,,8879,,28
naoqi_libqi,/home/qiguanxiao/ws_rep/ws_libqi,1,643,80911,67,17,509,3,,,95,8,11,79286,883,,621,,121
autoware_core,/home/qiguanxiao/ws_rep/ws_autoware_core,65,1189,80529,419,65,598,135,,,259,24,108,74024,1695,,1522,,3288
reach_ros,/home/qiguanxiao/ws_rep/ws_reach_ros2,1,100,72597,43,2,17,4,,,67,6,4,1302,77,,199,,71019
popf,/home/qiguanxiao/ws_rep/dependencies/popf,1,202,68165,23,4,155,2,,,40,,1,67833,287,,,,45
rclcpp,/home/qiguanxiao/ws_rep/dependencies/rclcpp,4,443,65823,65,8,393,16,3,,19,,4,64291,1383,,,5,144
inuitive-camera-ros2,/home/qiguanxiao/ws_rep/ws_inuros2,1,579,64234,98,9,333,3,1,,220,10,3,62531,1294,,171,10,228
googletest,/home/qiguanxiao/ws_rep/dependencies/googletest,2,249,63975,22,2,153,14,,,32,46,2,53869,46,,9999,,61
rviz,/home/qiguanxiao/ws_rep/dependencies/rviz,8,973,62856,233,10,682,12,,,256,2,11,59784,2174,,69,,829
menge_vendor,/home/qiguanxiao/ws_rep/ws_menge_vendor,1,730,61111,68,1,701,3,,,24,,1,61041,57,,,,13
nerian_stereo_ros2,/home/qiguanxiao/ws_rep/ws_nerian_stereo_ros2,1,287,61058,61,10,145,9,1,,102,13,7,57204,768,,984,15,2087
mavlink,/home/qiguanxiao/ws_rep/dependencies/mavlink,1,403,58016,92,2,33,15,,,192,126,35,5082,137,,25834,,26963
hpp-fcl,/home/qiguanxiao/ws_rep/ws_hpp-fcl,1,1113,55447,233,17,387,32,,,632,40,5,48032,1457,,5320,,638
caret_analyze,/home/qiguanxiao/ws_rep/ws_caret_analyze,1,207,52127,40,,,,,,4,202,1,,,,52100,,27
crazyflie,/home/qiguanxiao/ws_rep/ws_crazyswarm2,5,676,52071,91,10,158,46,22,,314,121,5,35180,1121,,15544,106,120
nao_lola,/home/qiguanxiao/ws_rep/ws_nao_lola,1,503,51820,77,10,398,6,,,88,,1,51141,659,,,,20
unitree_ros,/home/qiguanxiao/ws_rep/ws_unitree_ros,1,560,51074,114,12,187,79,2,,164,113,3,34844,1231,,14942,13,44
vitis_common,/home/qiguanxiao/ws_rep/ws_vitis_common,1,182,46533,24,1,155,1,,,24,,1,46469,43,,,,21
aerostack2,/home/qiguanxiao/ws_rep/ws_aerostack2,28,918,43404,344,61,278,60,51,,253,173,42,26946,3025,,11579,416,1438
libpointmatcher,/home/qiguanxiao/ws_rep/dependencies/libpointmatcher,1,626,42158,54,7,303,27,,,277,11,1,41040,534,,561,,23
beluga,/home/qiguanxiao/ws_rep/ws_beluga,9,685,40304,182,24,364,40,,6,209,24,18,37120,806,90,1885,,403
cartographer,/home/qiguanxiao/ws_rep/dependencies/cartographer,1,657,38606,72,2,482,11,,,158,3,1,38014,321,,206,,65
SMACC2,/home/qiguanxiao/ws_rep/ws_SMACC2,39,1100,38070,354,39,861,56,14,14,61,10,45,35111,1734,73,295,77,780
ruckig,/home/qiguanxiao/ws_rep/dependencies/ruckig,1,121,37346,27,1,50,2,,,52,15,1,36839,144,,349,,14
nanoeigenpy,/home/qiguanxiao/ws_rep/ws_nanoeigenpy,1,1003,36814,242,16,181,63,,,660,78,5,24455,1029,,10711,,619
depthai,/home/qiguanxiao/ws_rep/dependencies/depthai,1,575,36379,136,5,442,5,,,122,,1,35247,1111,,,,21
rtabmap_ros,/home/qiguanxiao/ws_rep/ws_rtabmap_ros,13,251,35617,46,12,105,3,39,,22,56,14,29242,913,,4586,487,389
rmf_visualization,/home/qiguanxiao/ws_rep/dependencies/rmf_visualization,8,69,33465,16,8,39,7,,,6,,9,32761,437,,,,267
scenario_execution,/home/qiguanxiao/ws_rep/ws_scenario_execution,31,485,32383,125,5,7,42,5,,135,252,39,654,122,,29857,75,1675
hebi_cpp_api_ros,/home/qiguanxiao/ws_rep/ws_hebi_cpp_api_ros,1,95,32086,25,2,53,1,,,38,,1,31934,130,,,,22
ecl_core,/home/qiguanxiao/ws_rep/ws_ecl_core,25,738,30049,175,176,380,23,,,134,,25,27305,1891,,,,853
py_trees_js,/home/qiguanxiao/ws_rep/ws_py_trees_js,1,87,30041,31,,,6,,,66,14,1,,,,30018,,23
rcl,/home/qiguanxiao/ws_rep/dependencies/rcl,4,264,29554,34,5,145,12,,,97,,5,28446,977,,,,131
dbw_ros,/home/qiguanxiao/ws_rep/ws_dbw_ros,4,395,28722,71,25,53,27,163,1,31,37,58,19995,986,13,2603,2449,2676
inverse_dynamics_solver,/home/qiguanxiao/ws_rep/ws_inverse-dynamics-solver,4,65,28531,27,4,29,8,,,9,8,7,27475,292,,647,,117
ros2_control,/home/qiguanxiao/ws_rep/ws_ros2_control,12,275,28023,58,10,133,26,14,,37,33,22,24245,716,,2517,113,432
cyclonedds,/home/qiguanxiao/ws_rep/dependencies/cyclonedds,1,1218,27737,280,46,300,61,,,773,4,34,22131,2624,,119,,2863
lanelet2,/home/qiguanxiao/ws_rep/ws_lanelet2,11,299,27330,80,11,181,29,,,55,10,13,25630,318,,822,,560
mavros,/home/qiguanxiao/ws_rep/ws_mavros,4,337,27275,41,5,117,9,125,10,35,28,8,20225,705,280,3287,1988,790
rosbag2,/home/qiguanxiao/ws_rep/dependencies/rosbag2,19,444,26859,122,18,254,22,17,,78,30,25,22717,1443,,2083,39,577
ros2_controllers,/home/qiguanxiao/ws_rep/dependencies/ros2_controllers,24,350,26682,110,21,154,53,,,64,15,43,22870,1684,,1150,,978
octomap,/home/qiguanxiao/ws_rep/ws_octomap,3,293,25797,26,8,160,2,,,120,,3,25205,515,,,,77
behaviortree_cpp_v3,/home/qiguanxiao/ws_rep/ws_BehaviorTree.CPP,1,269,25671,47,5,140,23,,,87,,14,25167,371,,,,133
rmw_desert,/home/qiguanxiao/ws_rep/ws_rmw_desert,1,894,25593,27,2,57,4,,,829,1,1,25437,90,,30,,36
ros2_planning_system,/home/qiguanxiao/ws_rep/ws_ros2_planning_system,14,367,25224,102,33,167,28,35,,75,7,22,23281,993,,273,215,462
rc_genicam_api,/home/qiguanxiao/ws_rep/ws_rc_genicam_api,1,477,23740,56,7,213,4,,,249,,4,22738,457,,,,545
find_object_2d,/home/qiguanxiao/ws_rep/ws_find-object,1,164,23252,44,10,88,1,2,4,56,2,1,22192,859,84,55,15,47
slam_toolbox,/home/qiguanxiao/ws_rep/dependencies/slam_toolbox,1,138,23071,38,3,57,6,10,,50,7,5,22394,252,,241,34,150
grid_map,/home/qiguanxiao/ws_rep/dependencies/grid_map,15,349,22479,73,16,195,16,6,,84,14,18,19998,1177,,698,52,554
urdfdom,/home/qiguanxiao/ws_rep/dependencies/urdfdom,1,103,21668,30,4,52,2,,,44,,1,21407,233,,,,28
mola,/home/qiguanxiao/ws_rep/ws_mola,21,304,21438,79,28,141,40,6,,66,3,20,19943,789,,132,65,509
tsid,/home/qiguanxiao/ws_rep/ws_tsid,1,930,20945,229,15,185,30,,,643,52,5,12627,838,,7039,,441
rclpy,/home/qiguanxiao/ws_rep/dependencies/rclpy,1,183,20826,12,1,61,17,,,7,96,1,6146,177,,14457,,46
geometry2,/home/qiguanxiao/ws_rep/dependencies/geometry2,15,251,20132,55,12,114,19,4,6,35,45,16,15889,771,18,3002,26,426
mapviz,/home/qiguanxiao/ws_rep/ws_mapviz,5,182,20071,20,5,112,5,1,2,46,1,10,19031,645,30,39,15,311
rmw_connextdds,/home/qiguanxiao/ws_rep/dependencies/rmw_connextdds,4,68,19853,10,4,47,4,,,9,,4,19394,377,,,,82
namosim,/home/qiguanxiao/ws_rep/ws_namosim,1,223,19466,50,,,16,,,115,91,1,,,,19415,,51
magic_enum,/home/qiguanxiao/ws_rep/ws_magic_enum,1,86,19453,28,3,24,5,,,53,,1,19162,274,,,,17
catch_ros2,/home/qiguanxiao/ws_rep/ws_catch_ros2,1,54,19389,23,4,12,3,,,28,5,2,18701,156,,460,,72
launch,/home/qiguanxiao/ws_rep/dependencies/launch,7,517,19207,84,2,2,13,,,170,322,8,15,55,,18962,,175
marti_common,/home/qiguanxiao/ws_rep/dependencies/marti_common,11,229,18794,55,10,130,13,2,5,32,25,12,16249,613,75,1505,8,344
autoware_utils,/home/qiguanxiao/ws_rep/ws_autoware_utils,12,176,17731,57,11,132,22,,,,,11,17328,135,,,,268
ur_client_library,/home/qiguanxiao/ws_rep/dependencies/ur_client_library,1,282,17567,56,3,141,35,,,101,1,1,17140,333,,66,,28
ros2_canopen,/home/qiguanxiao/ws_rep/ws_ros2_canopen,13,325,17268,89,17,121,43,9,,81,32,22,12775,1152,,2715,55,571
rmw_fastrtps,/home/qiguanxiao/ws_rep/dependencies/rmw_fastrtps,3,229,17068,13,4,207,9,,,6,,3,16489,432,,,,147
lidar_situational_graphs,/home/qiguanxiao/ws_rep/ws_lidar_situational_graphs,1,119,17068,21,1,103,,,1,9,4,1,16390,203,7,428,,40
fields2cover,/home/qiguanxiao/ws_rep/ws_fields2cover,1,366,16481,83,6,185,17,,,102,52,4,12590,375,,2352,,1164
rmf_traffic_editor,/home/qiguanxiao/ws_rep/dependencies/rmf_traffic_editor,4,336,15662,19,3,152,8,,,165,5,3,15198,209,,199,,56
rosidl,/home/qiguanxiao/ws_rep/dependencies/rosidl,12,311,15593,78,11,82,26,3,,116,61,12,9602,617,,4989,66,319
eigenpy,/home/qiguanxiao/ws_rep/dependencies/eigenpy,1,856,15221,206,16,162,33,,,588,52,5,9740,995,,4043,,443
depthai-ros,/home/qiguanxiao/ws_rep/ws_depthai-ros,7,243,14812,43,7,112,4,14,,61,32,13,10511,462,,3218,103,518
rmf_utils,/home/qiguanxiao/ws_rep/dependencies/rmf_utils,1,22,14583,8,1,14,3,,,3,,1,14477,89,,,,17
gazebo_ros_pkgs,/home/qiguanxiao/ws_rep/ws_gazebo_ros_pkgs,5,280,14488,26,7,119,5,43,,89,12,5,11946,919,,1018,416,189
py_trees,/home/qiguanxiao/ws_rep/dependencies/py_trees,1,193,13934,28,,,23,,,91,78,1,,,,13911,,23
rmf_task,/home/qiguanxiao/ws_rep/dependencies/rmf_task,2,153,13908,40,2,133,6,,,10,,2,13651,214,,,,43
aruco_ros,/home/qiguanxiao/ws_rep/ws_aruco_ros,3,72,13831,14,4,45,3,2,,12,3,3,13346,231,,175,6,73
ros2cli,/home/qiguanxiao/ws_rep/dependencies/ros2cli,15,337,13722,105,2,1,17,5,,45,252,15,58,43,,13135,25,461
ament_lint,/home/qiguanxiao/ws_rep/dependencies/ament_lint,31,352,13651,114,16,11,61,,,132,101,31,2415,255,,10258,,723
robotraconteur_companion,/home/qiguanxiao/ws_rep/ws_robotraconteur_companion,1,211,13586,46,2,89,3,,,114,2,1,12364,275,,915,,32
tiago_moveit_config,/home/qiguanxiao/ws_rep/dependencies/tiago_moveit_config,1,96,13287,23,1,,3,,,43,2,47,,18,,196,,13073
rig_reconfigure,/home/qiguanxiao/ws_rep/ws_rig_reconfigure,1,102,13133,37,1,35,3,,,62,,1,13067,46,,,,20
ros_gz,/home/qiguanxiao/ws_rep/ws_ros_gz,14,276,13100,49,14,80,26,39,1,60,41,15,10038,818,10,1430,325,479
clearpath_common,/home/qiguanxiao/ws_rep/ws_clearpath_common,10,432,12727,119,14,1,10,,,253,47,107,83,193,,3365,,9086
realsense2_camera,/home/qiguanxiao/ws_rep/dependencies/realsense2_camera,3,154,12624,36,3,29,9,5,,35,52,21,5053,326,,6033,25,1187
franka_ros2,/home/qiguanxiao/ws_rep/ws_franka_ros2,12,187,12286,40,13,91,13,16,,16,17,21,9254,772,,1522,189,549
ur_robot_driver,/home/qiguanxiao/ws_rep/ws_Universal_Robots_ROS2_Driver,7,205,11989,36,7,39,25,14,,56,53,11,5792,482,,5254,96,365
moveit_resources,/home/qiguanxiao/ws_rep/dependencies/moveit_resources,7,403,11936,38,7,,12,,,317,4,63,,41,,400,,11495
sophus,/home/qiguanxiao/ws_rep/dependencies/sophus,1,129,11138,28,5,62,5,,,44,12,1,9715,186,,1218,,19
rmw_gurumdds,/home/qiguanxiao/ws_rep/ws_rmw_gurumdds,2,81,11108,8,3,63,3,,,9,,3,10795,231,,,,82
septentrio_gnss_driver,/home/qiguanxiao/ws_rep/ws_septentrio_gnss_driver,1,107,11093,35,2,40,2,27,1,32,2,1,10229,205,23,98,488,50
ublox_dgnss,/home/qiguanxiao/ws_rep/ws_ublox_dgnss,6,145,10977,18,6,55,6,65,,,7,6,9345,271,,413,813,135
rcss3d_agent,/home/qiguanxiao/ws_rep/ws_rcss3d_agent,3,69,10864,13,4,26,3,22,,11,,3,10507,145,,,158,54
image_pipeline,/home/qiguanxiao/ws_rep/dependencies/image_pipeline,9,172,10831,44,9,73,13,,,34,32,11,6814,486,,3197,,334
rplidar_ros,/home/qiguanxiao/ws_rep/ws_rplidar_ros,1,132,10782,29,1,71,2,,,33,24,1,9215,71,,1470,,26
performance_test,/home/qiguanxiao/ws_rep/ws_performance_test,4,266,10626,63,10,120,7,28,,72,19,10,7275,987,,1945,283,136
ublox,/home/qiguanxiao/ws_rep/ws_ublox,4,155,10566,12,4,48,4,84,,9,2,4,7580,239,,51,2608,88
qml_ros2_plugin,/home/qiguanxiao/ws_rep/ws_qml_ros2_plugin,1,126,10189,26,1,58,19,,,46,1,1,9987,141,,27,,34
vimbax_ros2_driver,/home/qiguanxiao/ws_rep/ws_vimbax_ros2_driver,5,128,10079,23,10,35,5,39,,2,32,5,6994,323,,2470,188,104
psdk_ros2,/home/qiguanxiao/ws_rep/dependencies/psdk_ros2,2,92,10022,12,2,22,2,61,,2,1,2,9142,281,,79,468,52
sick_safetyscanners_base,/home/qiguanxiao/ws_rep/dependencies/sick_safetyscanners_base,1,231,9909,27,1,194,2,,,33,,1,9746,144,,,,19
avt_vimba_camera,/home/qiguanxiao/ws_rep/ws_avt_vimba_camera,2,110,9898,18,2,88,,2,,12,,6,9648,99,,,8,143
demos,/home/qiguanxiao/ws_rep/dependencies/demos,21,285,9815,78,15,96,27,4,,64,54,25,6154,1068,,2006,18,569
rosbridge_suite,/home/qiguanxiao/ws_rep/ws_rosbridge_suite,7,207,9762,40,7,,8,57,,40,87,8,,160,,9130,173,299
xacro,/home/qiguanxiao/ws_rep/dependencies/xacro,1,121,9747,34,3,,2,,,43,6,67,,41,,2716,,6990
osrf_testing_tools_cpp,/home/qiguanxiao/ws_rep/dependencies/osrf_testing_tools_cpp,2,106,9335,25,11,64,5,,,22,2,2,8960,293,,51,,31
rmw_zenoh,/home/qiguanxiao/ws_rep/ws_rmw_zenoh,3,74,9325,5,3,61,4,,,3,,3,9070,188,,,,67
rcutils,/home/qiguanxiao/ws_rep/dependencies/rcutils,1,157,9292,34,1,76,4,,,71,4,1,8516,489,,259,,28
mrpt_path_planning,/home/qiguanxiao/ws_rep/ws_mrpt_path_planning,1,139,9288,38,5,73,4,,,54,1,2,9050,84,,17,,137
automatika_ros_sugar,/home/qiguanxiao/ws_rep/dependencies/automatika_ros_sugar,1,112,9222,31,1,,21,6,,48,35,1,,39,,9100,41,42
sbg_driver,/home/qiguanxiao/ws_rep/ws_sbg_ros2,1,196,9196,61,2,69,9,30,5,78,2,1,8017,260,25,37,827,30
robot_localization,/home/qiguanxiao/ws_rep/dependencies/robot_localization,1,132,9181,25,1,38,12,6,,58,16,1,8282,272,,558,20,49
system_tests,/home/qiguanxiao/ws_rep/dependencies/system_tests,6,119,9179,16,6,65,6,4,,18,14,6,6845,1202,,929,8,195
data_tamer,/home/qiguanxiao/ws_rep/ws_data_tamer,2,65,8962,18,6,45,2,3,,6,1,2,8609,241,,61,8,43
off_highway_sensor_drivers,/home/qiguanxiao/ws_rep/ws_off_highway_sensor_drivers,13,173,8872,49,11,68,21,40,,14,8,11,7360,624,,277,338,273
naoqi_driver,/home/qiguanxiao/ws_rep/ws_naoqi_driver2,1,178,8756,43,1,115,10,,1,44,4,3,8017,139,8,534,,58
ros_canopen,/home/qiguanxiao/ws_rep/dependencies/ros_canopen,1,113,8745,26,8,71,8,3,2,10,,11,7874,628,24,,21,198
kuka_drivers,/home/qiguanxiao/ws_rep/ws_kuka_drivers,15,215,8711,66,13,83,16,2,,54,22,25,6136,550,,1507,33,485
sick_safevisionary_base,/home/qiguanxiao/ws_rep/ws_sick_safevisionary_base,1,95,8702,23,1,53,3,,,37,,1,8637,51,,,,14
automatika_embodied_agents,/home/qiguanxiao/ws_rep/ws_ros-agents,1,116,8675,29,1,,22,8,,43,41,1,,28,,8580,41,26
cartographer_ros,/home/qiguanxiao/ws_rep/dependencies/cartographer_ros,3,146,8645,23,3,64,3,20,3,29,20,4,6429,375,107,1117,364,253
perception_pcl,/home/qiguanxiao/ws_rep/dependencies/perception_pcl,3,131,8608,34,3,90,4,,7,16,3,8,7885,123,219,67,,314
velodyne,/home/qiguanxiao/ws_rep/dependencies/velodyne,5,119,8590,26,8,26,8,2,1,43,22,9,2966,363,18,770,6,4467
rmw_cyclonedds,/home/qiguanxiao/ws_rep/dependencies/rmw_cyclonedds,1,36,8327,2,1,30,2,,,2,,1,8196,103,,,,28
flexbe,/home/qiguanxiao/ws_rep/ws_flexbe_behavior_engine,9,224,8258,36,4,,10,20,,77,101,12,,101,,7655,188,314
ros_babel_fish,/home/qiguanxiao/ws_rep/ws_ros2_babel_fish,2,65,8017,17,2,55,2,4,,,,2,7752,164,,,46,55
create3_sim,/home/qiguanxiao/ws_rep/ws_create3_sim,9,141,7972,37,10,55,13,,,26,13,24,5289,489,,874,,1320
clearpath_config,/home/qiguanxiao/ws_rep/dependencies/clearpath_config,1,159,7946,45,,,4,,,66,88,1,,,,7929,,17
novatel_gps_driver,/home/qiguanxiao/ws_rep/ws_novatel_gps_driver,2,107,7889,11,2,66,2,31,,2,2,2,6993,187,,60,596,53
adi_iio,/home/qiguanxiao/ws_rep/ws_iio_ros2,1,162,7670,51,1,11,13,15,,65,50,7,1756,131,,5545,91,147
autoware_lanelet2_extension,/home/qiguanxiao/ws_rep/ws_autoware_lanelet2_extension,2,85,7294,20,2,52,6,,,15,8,2,6834,77,,318,,65
geometric_shapes,/home/qiguanxiao/ws_rep/dependencies/geometric_shapes,1,85,7288,21,2,31,3,,,48,,1,7116,122,,,,50
qb_device,/home/qiguanxiao/ws_rep/ws_qbdevice-ros,6,97,7191,28,8,28,13,12,1,22,6,7,6043,423,55,426,101,143
launch_ros,/home/qiguanxiao/ws_rep/dependencies/launch_ros,4,135,7145,35,,,6,,,19,106,4,,,,7024,,121
robot_calibration,/home/qiguanxiao/ws_rep/ws_robot_calibration,2,95,6816,17,3,64,2,6,,10,7,3,6253,278,,158,25,102
ros2_kortex,/home/qiguanxiao/ws_rep/dependencies/ros2_kortex,7,180,6783,42,7,5,10,,,90,35,33,1098,147,,2176,,3362
rclc,/home/qiguanxiao/ws_rep/ws_rclc,4,116,6780,19,4,41,11,,,56,,4,6309,357,,,,114
mrpt_navigation,/home/qiguanxiao/ws_rep/dependencies/mrpt_navigation,10,113,6688,41,9,22,16,10,1,32,13,10,4717,581,16,1000,67,307
stcamera_ros2,/home/qiguanxiao/ws_rep/ws_stcamera_ros2,4,83,6570,10,4,23,,45,,5,2,4,5602,267,,279,273,149
qt_gui_core,/home/qiguanxiao/ws_rep/dependencies/qt_gui_core,6,135,6534,18,9,21,6,,,23,68,8,1060,272,,5030,,172
adi_tmcl,/home/qiguanxiao/ws_rep/ws_tmcl_ros2,1,148,6525,24,1,14,2,5,,94,31,1,2690,174,,3608,25,28
caret_trace,/home/qiguanxiao/ws_rep/dependencies/caret_trace,2,42,6424,7,3,33,,3,,1,,2,6246,116,,,15,47
ecl_lite,/home/qiguanxiao/ws_rep/ws_ecl_lite,8,163,6414,48,43,64,8,,,32,,16,3412,435,,,,2567
dynamixel-workbench,/home/qiguanxiao/ws_rep/dependencies/dynamixel-workbench,2,34,6345,6,3,25,3,,,1,,2,6195,97,,,,53
diagnostics,/home/qiguanxiao/ws_rep/dependencies/diagnostics,6,118,6327,23,6,36,10,,,35,25,6,3521,398,,2231,,177
rmw_implementation,/home/qiguanxiao/ws_rep/dependencies/rmw_implementation,2,33,6295,4,2,23,4,,,2,,2,5969,266,,,,60
kuka_robot_descriptions,/home/qiguanxiao/ws_rep/ws_kuka_robot_descriptions,14,333,6277,93,13,4,13,,,217,23,63,878,166,,1037,,4196
image_common,/home/qiguanxiao/ws_rep/dependencies/image_common,6,124,6167,20,6,76,10,1,,14,10,7,4823,259,,875,19,191
yasmin,/home/qiguanxiao/ws_rep/ws_yasmin,5,119,6136,31,5,43,6,3,,21,36,5,2402,350,,3262,10,112
kobuki_ros,/home/qiguanxiao/ws_rep/ws_kobuki_ros,10,149,6129,46,10,18,11,,6,50,39,15,2837,353,110,2045,,784
examples,/home/qiguanxiao/ws_rep/dependencies/examples,22,235,6103,41,12,59,35,,,21,86,22,3119,439,,2062,,483
phidgets_drivers,/home/qiguanxiao/ws_rep/ws_phidgets_drivers,17,138,6080,49,15,60,26,7,,4,11,15,4963,491,,261,41,324
message_filters,/home/qiguanxiao/ws_rep/dependencies/message_filters,1,97,6051,21,1,52,8,,,29,6,1,5402,114,,499,,36
talos_robot,/home/qiguanxiao/ws_rep/ws_talos_robot,6,534,6047,39,6,,6,,,456,16,50,,47,,1075,,4925
ros2_tracing,/home/qiguanxiao/ws_rep/dependencies/ros2_tracing,8,154,5958,34,2,18,13,,,35,77,9,1389,282,,4064,,223
fogros2,/home/qiguanxiao/ws_rep/ws_FogROS2,2,56,5848,14,,,2,,,7,43,4,,,,5741,,107
rosx_introspection,/home/qiguanxiao/ws_rep/ws_rosx_introspection,1,65,5838,24,1,29,3,,,31,,1,5733,81,,,,24
adi_imu,/home/qiguanxiao/ws_rep/ws_imu_ros2,1,144,5819,47,3,68,3,10,,54,3,3,4761,456,,125,404,73
rmf_demos,/home/qiguanxiao/ws_rep/ws_rmf_demos,7,222,5733,65,4,,16,,,117,42,43,,84,,4436,,1213
kompass,/home/qiguanxiao/ws_rep/ws_kompass,2,58,5727,14,1,,3,23,,3,26,2,,22,,5495,174,36
system_modes,/home/qiguanxiao/ws_rep/ws_system_modes,5,127,5688,21,4,27,12,5,,38,36,5,3526,288,,1695,14,165
novatel_oem7_driver,/home/qiguanxiao/ws_rep/ws_novatel_oem7_driver,2,120,5642,9,2,34,3,45,,18,14,4,4165,213,,552,588,124
rcdiscover,/home/qiguanxiao/ws_rep/ws_rcdiscover,1,125,5636,20,3,67,2,,,52,,1,5442,175,,,,19
joystick_drivers,/home/qiguanxiao/ws_rep/dependencies/joystick_drivers,6,89,5572,28,8,14,20,3,1,23,12,8,3462,373,10,1321,170,236
foros,/home/qiguanxiao/ws_rep/ws_foros,4,93,5517,17,5,75,4,3,,2,,4,5175,239,,,31,72
ign_rviz,/home/qiguanxiao/ws_rep/ws_ign-rviz,3,83,5441,24,3,37,5,,,34,1,3,4919,432,,8,,82
eiquadprog,/home/qiguanxiao/ws_rep/ws_eiquadprog,1,800,5440,230,12,20,22,,,723,18,5,2108,448,,2440,,444
fkie_message_filters,/home/qiguanxiao/ws_rep/dependencies/fkie_message_filters,1,460,5320,11,1,77,2,,,379,,1,5167,130,,,,23
naoqi_libqicore,/home/qiguanxiao/ws_rep/ws_libqicore,1,143,5253,32,5,26,3,,,46,57,6,1865,80,,3235,,73
rmf_simulation,/home/qiguanxiao/ws_rep/ws_rmf_simulation,6,40,5178,7,3,19,9,,,6,,3,4701,398,,,,79
schunk_svh_library,/home/qiguanxiao/ws_rep/ws_schunk_svh_library,1,77,5093,26,1,39,2,,,34,,1,4923,143,,,,27
rt_manipulators_cpp,/home/qiguanxiao/ws_rep/ws_rt_manipulators_cpp,2,70,4963,7,4,38,4,,,21,1,2,4733,154,,36,,40
libhri,/home/qiguanxiao/ws_rep/dependencies/libhri,2,36,4923,11,3,19,5,,,3,4,2,3934,67,,858,,64
rcpputils,/home/qiguanxiao/ws_rep/dependencies/rcpputils,1,76,4865,21,1,42,5,,,27,,1,4696,140,,,,29
robot_controllers,/home/qiguanxiao/ws_rep/ws_robot_controllers,3,50,4815,10,3,34,3,3,,,3,4,4350,180,,114,39,132
rmw,/home/qiguanxiao/ws_rep/dependencies/rmw,2,118,4703,9,3,76,5,,,32,,2,4385,272,,,,46
mola_lidar_odometry,/home/qiguanxiao/ws_rep/ws_mola_lidar_odometry,1,117,4658,35,2,16,8,,,81,9,1,3262,220,,1122,,54
rmw_dds_common,/home/qiguanxiao/ws_rep/dependencies/rmw_dds_common,1,29,4645,7,1,19,4,3,,1,,1,4516,96,,,7,26
py_trees_ros,/home/qiguanxiao/ws_rep/dependencies/py_trees_ros,1,99,4611,28,,,10,,,57,31,1,,,,4573,,38
rviz_visual_tools,/home/qiguanxiao/ws_rep/dependencies/rviz_visual_tools,1,65,4579,23,1,16,4,,1,39,2,2,4216,202,11,87,,63
py_trees_ros_tutorials,/home/qiguanxiao/ws_rep/ws_py_trees_ros_tutorials,1,129,4515,24,,,9,,,68,51,1,,,,4458,,57
dynamixel_hardware_interface,/home/qiguanxiao/ws_rep/ws_dynamixel_hardware_interface,1,108,4511,23,1,7,3,,,94,1,2,4222,82,,170,,37
vision_opencv,/home/qiguanxiao/ws_rep/dependencies/vision_opencv,4,63,4493,18,6,21,7,,,9,16,4,3259,183,,945,,106
kobuki_core,/home/qiguanxiao/ws_rep/ws_kobuki_core,1,101,4385,29,6,53,2,,,39,,1,4223,121,,,,41
dataspeed_can,/home/qiguanxiao/ws_rep/dependencies/dataspeed_can,5,54,4362,15,6,24,6,5,,7,,6,3972,192,,,49,149
adi_tmc_coe,/home/qiguanxiao/ws_rep/ws_adi_tmc_coe_ros2,3,42,4352,11,3,13,6,6,,9,2,3,3808,200,,248,38,58
ros1_bridge,/home/qiguanxiao/ws_rep/ws_ros1_bridge,1,67,4344,24,1,21,4,,,39,1,1,3199,274,,818,,53
camera_aravis2,/home/qiguanxiao/ws_rep/ws_camera_aravis2,2,39,4195,8,2,22,2,2,,6,3,2,3860,158,,121,10,46
libnabo,/home/qiguanxiao/ws_rep/dependencies/libnabo,1,119,4193,46,6,21,5,,,85,1,1,3781,379,,10,,23
rqt_bag,/home/qiguanxiao/ws_rep/dependencies/rqt_bag,2,45,4128,8,,,2,,,7,32,4,,,,4045,,83
puma_motor_driver,/home/qiguanxiao/ws_rep/ws_puma_motor_driver,3,57,4074,12,3,34,3,4,,8,1,4,3735,199,,24,48,68
locator_ros_bridge,/home/qiguanxiao/ws_rep/ws_locator_ros_bridge,2,58,4030,15,2,21,4,20,,5,1,5,3077,171,,83,446,253
opennav_docking,/home/qiguanxiao/ws_rep/ws_opennav_docking,4,50,4015,13,5,29,4,3,,2,1,6,3330,292,,182,56,155
turtlebot3_manipulation,/home/qiguanxiao/ws_rep/ws_turtlebot3_manipulation,8,103,4005,31,8,11,8,,,41,19,16,1533,135,,1228,,1109
kdl_parser,/home/qiguanxiao/ws_rep/dependencies/kdl_parser,1,29,3998,6,2,6,2,,3,6,4,6,310,60,12,119,,3497
tracetools_analysis,/home/qiguanxiao/ws_rep/ws_tracetools_analysis,2,78,3987,22,,,6,,,14,56,2,,,,3936,,51
common_interfaces,/home/qiguanxiao/ws_rep/dependencies/common_interfaces,13,214,3932,22,12,10,34,133,,4,8,13,1054,411,,565,1589,313
flir_camera_driver,/home/qiguanxiao/ws_rep/ws_flir_camera_driver,4,88,3916,19,4,32,13,2,,23,8,6,2749,250,,681,22,214
executive_smach,/home/qiguanxiao/ws_rep/ws_executive_smach,4,55,3887,6,2,,4,3,,9,33,4,,23,,3722,33,109
backward_ros,/home/qiguanxiao/ws_rep/dependencies/backward_ros,1,50,3815,20,2,10,2,,,33,2,1,3661,78,,62,,14
kuka_external_control_sdk,/home/qiguanxiao/ws_rep/dependencies/kuka_external_control_sdk,2,62,3791,31,3,31,5,,,21,,2,3578,175,,,,38
andino,/home/qiguanxiao/ws_rep/ws_andino,10,176,3768,50,12,38,20,,,71,17,18,1606,215,,903,,1044
domain_bridge,/home/qiguanxiao/ws_rep/ws_domain_bridge,1,91,3739,27,2,30,4,1,,51,1,2,3374,196,,107,1,61
laser_filters,/home/qiguanxiao/ws_rep/dependencies/laser_filters,1,99,3730,22,1,27,1,,2,48,17,3,3041,81,9,455,,144
proto2ros,/home/qiguanxiao/ws_rep/ws_proto2ros,2,99,3715,25,3,5,3,46,,17,23,2,1044,219,,2140,242,70
rqt_dotgraph,/home/qiguanxiao/ws_rep/ws_rqt_dotgraph,1,42,3667,20,,,2,,,33,5,2,,,,3619,,48
husarion_components_description,/home/qiguanxiao/ws_rep/ws_husarion_components_description,1,93,3639,23,1,,3,,,56,15,18,,25,,1174,,2440
gz_ros2_control,/home/qiguanxiao/ws_rep/dependencies/gz_ros2_control,5,81,3621,12,6,15,5,,,24,25,6,1622,277,,1560,,162
dynamixel_sdk,/home/qiguanxiao/ws_rep/dependencies/dynamixel_sdk,3,39,3619,8,3,28,3,2,,,,3,3442,103,,,9,65
imu_tools,/home/qiguanxiao/ws_rep/dependencies/imu_tools,4,54,3604,13,5,30,4,,,7,3,5,3229,195,,63,,117
turtlebot3,/home/qiguanxiao/ws_rep/ws_turtlebot3,8,117,3563,36,6,28,8,,,43,24,8,1859,141,,1353,,210
adi_3dtof_image_stitching,/home/qiguanxiao/ws_rep/ws_adi_3dtof_image_stitching,1,64,3547,26,1,19,1,,,35,6,2,2718,76,,672,,81
apex_containers,/home/qiguanxiao/ws_rep/ws_apex_containers,1,33,3539,11,1,27,2,,,2,,1,3464,57,,,,18
turtlebot3_autorace,/home/qiguanxiao/ws_rep/ws_turtlebot3_autorace,4,58,3372,18,1,,4,,,21,28,4,,7,,3263,,102
openni2_camera,/home/qiguanxiao/ws_rep/ws_openni2_camera,1,51,3315,11,2,20,3,1,10,4,8,3,2381,119,394,302,2,117
point_cloud_transport,/home/qiguanxiao/ws_rep/dependencies/point_cloud_transport,2,51,3312,7,2,42,2,,,,2,3,3011,198,,43,,60
interactive_markers,/home/qiguanxiao/ws_rep/dependencies/interactive_markers,1,51,3305,19,1,18,2,,,26,3,1,2733,64,,479,,29
pal_statistics,/home/qiguanxiao/ws_rep/ws_pal_statistics,3,58,3294,20,4,13,4,4,2,14,13,4,2680,79,8,435,16,76
mir_robot,/home/qiguanxiao/ws_rep/ws_mir_robot,9,165,3288,32,9,6,9,53,11,43,13,21,295,272,423,1002,520,776
adi_3dtof_adtf31xx,/home/qiguanxiao/ws_rep/ws_adi_3dtof_adtf31xx,1,64,3212,28,1,20,1,,,36,4,2,2817,83,,238,,74
turtlebot4_robot,/home/qiguanxiao/ws_rep/ws_turtlebot4_robot,5,61,3189,13,3,17,6,,,9,21,5,1833,97,,1147,,112
play_motion2,/home/qiguanxiao/ws_rep/dependencies/play_motion2,2,46,3163,14,2,21,2,7,,6,3,5,2683,87,,151,35,207
myactuator_rmd,/home/qiguanxiao/ws_rep/ws_myactuator_rmd,1,82,3158,32,1,46,3,,,29,2,1,2937,145,,56,,20
realtime_tools,/home/qiguanxiao/ws_rep/dependencies/realtime_tools,1,108,3157,20,1,30,3,,,72,1,1,3020,108,,2,,27
ros2_robotiq_gripper,/home/qiguanxiao/ws_rep/ws_ros2_robotiq_gripper,4,92,3105,22,5,34,3,,,34,2,14,1713,237,,191,,964
game_controller_spl,/home/qiguanxiao/ws_rep/ws_game_controller_spl,9,111,3099,28,4,,9,21,,10,58,9,,81,,2442,409,167
open_manipulator,/home/qiguanxiao/ws_rep/ws_open_manipulator,7,82,3069,23,7,8,7,,,28,17,15,1196,164,,897,,812
rc_reason_clients,/home/qiguanxiao/ws_rep/ws_rc_reason_clients_ros2,2,73,3054,6,1,,4,46,,6,14,2,,78,,2426,505,45
tuw_geometry,/home/qiguanxiao/ws_rep/ws_tuw_geometry,1,75,3017,21,2,39,3,,,30,,1,2869,124,,,,24
synapticon_ros2_control,/home/qiguanxiao/ws_rep/ws_synapticon_ros2_control,1,92,3001,35,1,20,4,,,52,7,8,2243,108,,376,,274
crane_plus,/home/qiguanxiao/ws_rep/ws_crane_plus,6,87,2997,24,6,12,11,,,32,12,14,1167,180,,611,,1039
reach,/home/qiguanxiao/ws_rep/dependencies/reach,1,91,2976,27,3,38,2,,,44,3,1,2614,133,,202,,27
control_toolbox,/home/qiguanxiao/ws_rep/dependencies/control_toolbox,1,101,2956,24,1,33,5,1,,58,1,2,2718,161,,2,6,69
turtlebot3_simulations,/home/qiguanxiao/ws_rep/ws_turtlebot3_simulations,4,247,2897,136,4,14,4,,,196,18,11,667,127,,1115,,988
sros2,/home/qiguanxiao/ws_rep/dependencies/sros2,2,82,2889,32,1,,4,,,11,46,20,,14,,1682,,1193
metavision_driver,/home/qiguanxiao/ws_rep/ws_metavision_driver,1,90,2850,26,1,17,4,,6,46,13,3,1904,22,181,654,,89
turtlebot4,/home/qiguanxiao/ws_rep/ws_turtlebot4,4,60,2819,14,4,12,4,3,,19,6,12,1648,132,,464,32,543
tuw_msgs,/home/qiguanxiao/ws_rep/ws_tuw_msgs,10,144,2790,32,10,45,10,69,,,,10,1607,400,,,530,253
astuff_sensor_msgs,/home/qiguanxiao/ws_rep/ws_astuff_sensor_msgs,8,164,2783,10,8,,8,137,,3,,8,,592,,,1947,244
ros_tutorials,/home/qiguanxiao/ws_rep/dependencies/ros_tutorials,4,137,2739,47,27,30,4,13,17,18,24,4,1687,242,92,543,53,122
usb_cam,/home/qiguanxiao/ws_rep/dependencies/usb_cam,1,71,2719,28,1,20,5,1,,39,4,1,2471,88,,115,5,40
graph_monitor,/home/qiguanxiao/ws_rep/ws_graph-monitor,4,35,2709,11,3,14,6,4,,4,1,3,2338,154,,123,23,71
libcreate,/home/qiguanxiao/ws_rep/dependencies/libcreate,1,60,2697,20,1,29,2,,,27,,1,2548,129,,,,20
coin_d4_driver,/home/qiguanxiao/ws_rep/ws_coin_d4_driver,1,57,2664,22,1,21,3,,,29,2,1,2519,74,,50,,21
fast_gicp,/home/qiguanxiao/ws_rep/ws_fast_gicp,1,143,2662,75,1,29,1,,,109,2,1,2383,155,,103,,21
bond_core,/home/qiguanxiao/ws_rep/ws_bond_core,6,48,2648,12,5,8,6,3,,10,10,6,1637,172,,631,24,184
libcaer_driver,/home/qiguanxiao/ws_rep/ws_libcaer_driver,1,63,2604,23,1,26,3,,,29,3,1,2325,58,,188,,33
pal_urdf_utils,/home/qiguanxiao/ws_rep/dependencies/pal_urdf_utils,1,87,2603,22,1,,2,,,36,,48,,9,,,,2594
apriltag,/home/qiguanxiao/ws_rep/dependencies/apriltag,1,125,2599,21,2,41,4,,,77,,1,2400,177,,,,22
gazebo_ros2_control,/home/qiguanxiao/ws_rep/dependencies/gazebo_ros2_control,2,55,2573,7,2,12,3,,,22,13,3,1506,160,,821,,86
cpp_polyfills,/home/qiguanxiao/ws_rep/dependencies/cpp_polyfills,2,12,2545,5,3,3,2,,,2,,2,2459,56,,,,30
create3_examples,/home/qiguanxiao/ws_rep/ws_create3_examples,6,71,2532,17,4,22,12,1,,9,14,9,1631,129,,525,20,227
lsc_ros2_driver,/home/qiguanxiao/ws_rep/ws_lsc_ros2_driver,1,43,2504,21,1,7,2,,,30,1,2,2358,47,,56,,43
turtle_nest,/home/qiguanxiao/ws_rep/ws_turtle_nest,1,89,2496,9,1,39,1,,,45,2,1,2310,89,,68,,29
generate_parameter_library,/home/qiguanxiao/ws_rep/ws_generate_parameter_library,7,109,2478,27,5,9,11,,,54,23,7,318,188,,1810,,162
microstrain_inertial,/home/qiguanxiao/ws_rep/dependencies/microstrain_inertial,5,101,2473,13,2,,5,32,,35,15,12,,58,,1439,580,396
hri_face_detect,/home/qiguanxiao/ws_rep/ws_hri_face_detect,1,45,2464,22,1,5,3,,,30,5,1,1412,101,,903,,48
filters,/home/qiguanxiao/ws_rep/dependencies/filters,1,55,2451,17,1,27,2,,,23,,2,2166,177,,,,108
moveit_visual_tools,/home/qiguanxiao/ws_rep/dependencies/moveit_visual_tools,1,52,2451,20,1,7,4,,,38,1,1,2296,73,,52,,30
mocap4r2,/home/qiguanxiao/ws_rep/ws_mocap4r2,9,72,2428,30,10,27,11,5,,5,4,10,1725,365,,114,24,200
async_web_server_cpp,/home/qiguanxiao/ws_rep/dependencies/async_web_server_cpp,1,57,2416,20,2,20,2,,,30,2,1,2208,72,,116,,20
class_loader,/home/qiguanxiao/ws_rep/dependencies/class_loader,1,64,2415,21,3,23,4,,,33,,1,2169,216,,,,30
spatio_temporal_voxel_layer,/home/qiguanxiao/ws_rep/ws_spatio_temporal_voxel_layer,2,26,2394,7,2,14,,1,,6,,3,2195,126,,,4,69
caret_analyze_cpp_impl,/home/qiguanxiao/ws_rep/dependencies/caret_analyze_cpp_impl,1,25,2375,4,1,23,,,,,,1,2281,74,,,,20
swri_console,/home/qiguanxiao/ws_rep/ws_swri_console,1,85,2373,29,1,21,2,,,59,1,1,2231,66,,46,,30
vision_msgs,/home/qiguanxiao/ws_rep/dependencies/vision_msgs,2,48,2358,13,2,13,2,16,,7,5,3,1616,161,,300,182,99
vector_pursuit_controller,/home/qiguanxiao/ws_rep/ws_vector_pursuit_controller,1,42,2343,20,2,6,2,,,29,1,2,2138,75,,86,,44
rc_genicam_driver,/home/qiguanxiao/ws_rep/ws_rc_genicam_driver_ros2,1,59,2334,16,1,25,2,,,30,,1,2234,75,,,,25
pick_ik,/home/qiguanxiao/ws_rep/ws_pick_ik,1,63,2326,22,2,18,4,,,37,,2,2200,96,,,,30
turtlebot3_home_service_challenge,/home/qiguanxiao/ws_rep/ws_turtlebot3_home_service_challenge,5,46,2324,18,3,2,5,,,11,14,11,141,43,,1300,,840
ros2_ouster_drivers,/home/qiguanxiao/ws_rep/ws_ros2_ouster_drivers,2,38,2323,12,2,27,2,2,,2,1,2,2098,91,,69,13,52
osrf_pycommon,/home/qiguanxiao/ws_rep/dependencies/osrf_pycommon,1,98,2319,40,,,7,,,53,37,1,,,,2303,,16
polygon_ros,/home/qiguanxiao/ws_rep/dependencies/polygon_ros,4,53,2304,18,4,18,,7,,13,6,5,1814,182,,189,19,100
hri_rviz,/home/qiguanxiao/ws_rep/ws_hri_rviz,1,47,2292,19,1,10,3,,,31,,2,2148,93,,,,51
transport_drivers,/home/qiguanxiao/ws_rep/ws_transport_drivers,4,55,2282,20,4,31,8,,,7,1,4,1949,160,,78,,95
raspimouse_ros2_examples,/home/qiguanxiao/ws_rep/ws_raspimouse_ros2_examples,1,60,2277,21,1,12,4,,,33,9,1,1438,148,,655,,36
ndt_omp,/home/qiguanxiao/ws_rep/ws_ndt_omp,1,50,2250,30,1,10,1,,,37,,1,2139,92,,,,19
camera_ros,/home/qiguanxiao/ws_rep/dependencies/camera_ros,1,52,2229,17,1,21,1,,,27,1,1,2050,78,,69,,32
tiago_robot,/home/qiguanxiao/ws_rep/dependencies/tiago_robot,4,129,2223,29,4,,4,,,89,14,18,,61,,782,,1380
rcl_interfaces,/home/qiguanxiao/ws_rep/dependencies/rcl_interfaces,8,86,2220,17,8,4,22,40,,1,3,8,731,233,,482,596,178
gazebo_video_monitors,/home/qiguanxiao/ws_rep/ws_gazebo_video_monitors,4,57,2205,15,3,21,4,6,,12,3,8,1844,122,,98,26,115
launch_pal,/home/qiguanxiao/ws_rep/dependencies/launch_pal,1,102,2199,53,,,3,,,64,33,2,,,,2156,,43
mola_state_estimation,/home/qiguanxiao/ws_rep/dependencies/mola_state_estimation,4,50,2193,13,6,24,8,,,8,,4,2001,91,,,,101
franka_description,/home/qiguanxiao/ws_rep/ws_franka_description,1,174,2192,63,1,,3,,,138,4,28,,14,,400,,1778
rqt,/home/qiguanxiao/ws_rep/dependencies/rqt,5,71,2178,20,2,5,5,3,,12,37,7,233,105,,1693,6,141
event_camera_codecs,/home/qiguanxiao/ws_rep/ws_event_camera_codecs,1,63,2171,24,1,21,3,,,37,,1,2128,13,,,,30
octomap_mapping,/home/qiguanxiao/ws_rep/ws_octomap_mapping,2,21,2128,6,2,9,2,,,2,1,5,1875,108,,35,,110
geographic_info,/home/qiguanxiao/ws_rep/dependencies/geographic_info,3,60,2113,12,5,7,10,20,,4,11,3,1015,123,,736,147,92
nicla_vision_ros2,/home/qiguanxiao/ws_rep/ws_nicla_vision_ros2,1,58,2058,24,1,,3,3,1,35,10,5,,51,52,1651,14,290
keyboard_handler,/home/qiguanxiao/ws_rep/dependencies/keyboard_handler,1,17,2053,4,1,14,1,,,,,1,1982,52,,,,19
mrpt_ros,/home/qiguanxiao/ws_rep/dependencies/mrpt_ros,14,42,2048,0,14,,14,,,,,14,,1111,,,,937
cascade_lifecycle,/home/qiguanxiao/ws_rep/dependencies/cascade_lifecycle,2,12,2040,6,3,3,2,2,,,,2,1930,65,,,7,38
urdf_sim_tutorial,/home/qiguanxiao/ws_rep/ws_urdf_sim_tutorial,1,54,2036,18,1,,2,,,37,6,8,,7,,299,,1730
rqt_console,/home/qiguanxiao/ws_rep/dependencies/rqt_console,1,63,2033,18,,,1,,,35,25,2,,,,1988,,45
mrpt_sensors,/home/qiguanxiao/ws_rep/ws_mrpt_sensors,7,34,2028,14,7,7,7,,,1,5,7,952,256,,585,,235
heaphook,/home/qiguanxiao/ws_rep/ws_heaphook,1,50,2022,22,1,16,2,,,28,2,1,1685,56,,265,,16
ros2_socketcan,/home/qiguanxiao/ws_rep/dependencies/ros2_socketcan,2,33,1957,7,2,16,5,1,,4,2,3,1650,68,,168,6,65
rmf_internal_msgs,/home/qiguanxiao/ws_rep/dependencies/rmf_internal_msgs,12,225,1953,16,12,,32,169,,,,12,,434,,,1265,254
warehouse_ros_sqlite,/home/qiguanxiao/ws_rep/dependencies/warehouse_ros_sqlite,1,56,1949,20,1,17,4,,,32,,2,1832,84,,,,33
srdfdom,/home/qiguanxiao/ws_rep/dependencies/srdfdom,1,52,1900,23,1,6,2,,,39,3,1,1388,69,,409,,34
point_cloud_transport_plugins,/home/qiguanxiao/ws_rep/ws_point_cloud_transport_plugins,5,45,1895,13,5,21,6,1,,4,,8,1544,157,,,13,181
pal_robotiq_gripper,/home/qiguanxiao/ws_rep/dependencies/pal_robotiq_gripper,6,80,1890,17,6,,6,,3,41,5,19,,53,34,469,,1334
plotjuggler_ros,/home/qiguanxiao/ws_rep/ws_plotjuggler-ros-plugins,1,56,1889,21,2,18,2,,1,32,,1,1756,100,3,,,30
urg_node,/home/qiguanxiao/ws_rep/dependencies/urg_node,1,42,1876,20,1,5,2,,1,29,2,2,1597,79,17,72,,111
rosidl_typesupport,/home/qiguanxiao/ws_rep/dependencies/rosidl_typesupport,2,66,1867,23,2,25,8,2,,21,6,2,1360,259,,172,2,74
turtlebot3_applications,/home/qiguanxiao/ws_rep/ws_turtlebot3_applications,7,61,1863,22,3,5,7,,,21,18,7,516,103,,1055,,189
web_video_server,/home/qiguanxiao/ws_rep/dependencies/web_video_server,1,56,1859,18,1,23,4,,,27,,1,1725,95,,,,39
py_trees_ros_viewer,/home/qiguanxiao/ws_rep/ws_py_trees_ros_viewer,1,62,1856,20,,,2,,,44,15,1,,,,1828,,28
rqt_graph,/home/qiguanxiao/ws_rep/dependencies/rqt_graph,1,41,1856,18,,,1,,,30,8,2,,,,1811,,45
fkie_potree_rviz_plugin,/home/qiguanxiao/ws_rep/ws_potree_rviz_plugin,1,31,1855,4,1,21,1,,,6,,2,1775,49,,,,31
simple_term_menu_vendor,/home/qiguanxiao/ws_rep/dependencies/simple_term_menu_vendor,1,38,1848,14,1,,2,,,32,2,1,,20,,1811,,17
joint_state_publisher,/home/qiguanxiao/ws_rep/dependencies/joint_state_publisher,2,38,1826,5,,,3,,,16,17,2,,,,1775,,51
apriltag_mit,/home/qiguanxiao/ws_rep/ws_apriltag_mit,1,66,1811,22,1,31,1,,,32,,1,1755,39,,,,17
laser_segmentation,/home/qiguanxiao/ws_rep/ws_laser_segmentation,1,52,1797,24,2,14,2,,,32,1,1,1599,112,,62,,24
foxglove_msgs,/home/qiguanxiao/ws_rep/dependencies/foxglove_msgs,2,109,1770,5,1,,1,102,,3,1,1,,72,,3,1665,30
ament_cmake,/home/qiguanxiao/ws_rep/dependencies/ament_cmake,23,225,1762,50,27,9,27,,,132,7,23,164,467,,705,,426
rmf_api_msgs,/home/qiguanxiao/ws_rep/dependencies/rmf_api_msgs,1,59,1734,7,1,,1,,,52,4,1,,92,,1624,,18
mod,/home/qiguanxiao/ws_rep/ws_mod,1,51,1719,27,1,19,1,,,29,,1,1639,60,,,,20
topic_tools,/home/qiguanxiao/ws_rep/dependencies/topic_tools,2,38,1711,7,2,23,2,4,1,1,3,2,1108,151,6,383,12,51
image_transport_plugins,/home/qiguanxiao/ws_rep/dependencies/image_transport_plugins,4,41,1707,13,4,20,4,1,,5,,7,1353,192,,,8,154
sick_safetyscanners2,/home/qiguanxiao/ws_rep/ws_sick_safetyscanners2,1,55,1702,27,1,11,2,,,31,4,6,1164,69,,169,,300
urdfdom_py,/home/qiguanxiao/ws_rep/ws_urdf_parser_py,1,43,1696,18,,,2,,,29,11,1,,,,1671,,25
rqt_image_overlay,/home/qiguanxiao/ws_rep/dependencies/rqt_image_overlay,2,39,1689,6,3,28,2,,,2,1,3,1495,123,,8,,63
dynamixel_hardware,/home/qiguanxiao/ws_rep/ws_dynamixel_hardware,2,43,1674,11,3,3,,,,15,6,16,544,118,,344,,668
teleop_tools,/home/qiguanxiao/ws_rep/dependencies/teleop_tools,5,62,1669,15,2,,8,1,,11,35,5,,27,,1536,3,103
axis_camera,/home/qiguanxiao/ws_rep/ws_axis_camera,3,33,1662,8,2,,3,1,1,12,8,6,,17,55,1135,4,451
rqt_reconfigure,/home/qiguanxiao/ws_rep/dependencies/rqt_reconfigure,1,66,1649,17,,,2,,,39,23,2,,,,1596,,53
qb_softhand_industry,/home/qiguanxiao/ws_rep/ws_qbshin-ros,6,61,1621,21,6,8,6,9,,19,3,10,630,211,,275,51,454
rospy_message_converter,/home/qiguanxiao/ws_rep/ws_rospy_message_converter,2,19,1601,5,1,,2,5,,2,7,2,,24,,1515,11,51
mocap_optitrack,/home/qiguanxiao/ws_rep/ws_mocap_optitrack,1,45,1600,21,2,15,1,,,25,1,1,1481,55,,21,,43
apriltag_detector,/home/qiguanxiao/ws_rep/ws_apriltag_detector,5,57,1595,16,5,14,15,,,12,4,7,922,296,,248,,129
realtime_support,/home/qiguanxiao/ws_rep/dependencies/realtime_support,2,23,1590,10,3,9,4,,,4,1,2,1376,147,,21,,46
sicks300_ros2,/home/qiguanxiao/ws_rep/ws_sicks300_ros2,1,42,1579,23,1,9,3,,,26,2,1,1328,116,,112,,23
ess_imu_driver2,/home/qiguanxiao/ws_rep/ws_ess_imu_driver2,1,57,1552,17,1,10,3,,,39,3,1,1207,91,,234,,20
vizanti,/home/qiguanxiao/ws_rep/ws_vizanti,5,287,1516,53,5,1,,9,,251,16,5,69,111,,1184,36,116
as2_platform_dji_osdk,/home/qiguanxiao/ws_rep/ws_as2_platform_dji_osdk,1,46,1506,21,2,9,3,,,30,1,1,1261,161,,55,,29
r2r_spl,/home/qiguanxiao/ws_rep/ws_r2r_spl,8,74,1493,18,3,,8,5,,10,40,8,,50,,1255,40,148
rviz_2d_overlay_plugins,/home/qiguanxiao/ws_rep/ws_rviz_2d_overlay_plugins,2,26,1493,4,2,7,6,1,,6,1,3,1308,94,,8,24,59
rt_usb_9axisimu_driver,/home/qiguanxiao/ws_rep/ws_rt_usb_9axisimu_driver,1,40,1490,20,1,8,2,,,27,1,1,1373,82,,11,,24
clearpath_mecanum_drive_controller,/home/qiguanxiao/ws_rep/ws_clearpath_mecanum_drive_controller,1,17,1488,5,1,9,2,,,3,,2,1355,91,,,,42
mqtt_client,/home/qiguanxiao/ws_rep/ws_mqtt_client,2,19,1482,9,2,2,2,4,,6,,3,1342,61,,,26,53
bcr_bot,/home/qiguanxiao/ws_rep/ws_bcr_bot,1,166,1475,80,1,,2,,,146,10,7,,11,,590,,874
leo_robot,/home/qiguanxiao/ws_rep/ws_leo_robot-ros2,3,40,1466,11,3,1,3,,,20,9,4,388,81,,807,,190
ur_description,/home/qiguanxiao/ws_rep/dependencies/ur_description,1,199,1465,60,1,,4,,,185,3,6,,14,,205,,1246
marvelmind_ros2_release,/home/qiguanxiao/ws_rep/ws_marvelmind_ros2_upstream,1,41,1454,18,1,6,2,,,29,2,1,1315,56,,60,,23
rsl,/home/qiguanxiao/ws_rep/dependencies/rsl,1,71,1449,23,3,24,3,,,40,,1,1307,120,,,,22
bno08x_driver,/home/qiguanxiao/ws_rep/ws_bno08x_ros2_driver,1,59,1447,23,2,19,3,,,33,1,1,1334,74,,19,,20
twist_mux,/home/qiguanxiao/ws_rep/dependencies/twist_mux,1,58,1432,23,1,10,3,,1,36,6,1,548,58,22,771,,33
stomp,/home/qiguanxiao/ws_rep/dependencies/stomp,1,62,1429,22,2,9,3,,,47,,1,1327,80,,,,22
rqt_plot,/home/qiguanxiao/ws_rep/dependencies/rqt_plot,1,41,1427,17,,,1,,,28,10,2,,,,1380,,47
pmb2_robot,/home/qiguanxiao/ws_rep/dependencies/pmb2_robot,4,78,1419,33,4,,4,,,41,11,18,,56,,398,,965
tf_transformations,/home/qiguanxiao/ws_rep/ws_tf_transformations,1,34,1411,16,,,1,,,27,5,1,,,,1392,,19
create_robot,/home/qiguanxiao/ws_rep/ws_create_robot,5,47,1409,9,5,2,7,7,7,8,,11,673,98,66,,47,525
omni_base_robot,/home/qiguanxiao/ws_rep/dependencies/omni_base_robot,4,58,1386,26,4,,4,,,23,11,16,,60,,420,,906
situational_graphs_reasoning,/home/qiguanxiao/ws_rep/ws_situational_graphs_reasoning,1,46,1349,19,,,1,,,33,11,1,,,,1319,,30
flex_sync,/home/qiguanxiao/ws_rep/ws_flex_sync,1,36,1342,18,1,5,3,,,26,,1,1264,54,,,,24
pal_hey5,/home/qiguanxiao/ws_rep/dependencies/pal_hey5,3,28,1334,8,3,,3,,1,8,1,12,,20,8,42,,1264
octomap_rviz_plugins,/home/qiguanxiao/ws_rep/ws_octomap_rviz_plugins,1,42,1333,20,1,4,3,,,32,,2,1215,47,,,,71
rviz_satellite,/home/qiguanxiao/ws_rep/ws_rviz_satellite,1,45,1329,19,1,11,2,,,28,,3,1221,67,,,,41
ament_index,/home/qiguanxiao/ws_rep/dependencies/ament_index,2,89,1329,53,1,16,12,,,46,12,2,597,45,,647,,40
omni_base_navigation,/home/qiguanxiao/ws_rep/ws_omni_base_navigation,4,48,1328,11,4,,4,,,24,12,4,,127,,1092,,109
slg_msgs,/home/qiguanxiao/ws_rep/dependencies/slg_msgs,1,41,1324,19,2,6,3,2,,27,,1,1178,98,,,26,22
rosidl_python,/home/qiguanxiao/ws_rep/dependencies/rosidl_python,1,34,1322,7,1,,1,2,,22,7,1,,80,,1174,13,55
simple_launch,/home/qiguanxiao/ws_rep/ws_simple_launch,1,55,1322,18,1,,2,,,31,19,2,,9,,1128,,185
v4l2_camera,/home/qiguanxiao/ws_rep/dependencies/v4l2_camera,1,43,1305,16,1,13,3,,,25,,1,1203,78,,,,24
rosbag2_broll,/home/qiguanxiao/ws_rep/ws_rosbag2_broll,2,20,1305,6,2,11,4,,,,,3,1101,151,,,,53
as2_platform_pixhawk,/home/qiguanxiao/ws_rep/dependencies/as2_platform_pixhawk,1,44,1283,23,2,5,4,,,30,2,1,911,93,,250,,29
hey5_description,/home/qiguanxiao/ws_rep/ws_hey5_description,1,48,1281,19,1,,3,,1,31,,12,,8,8,,,1265
openarm,/home/qiguanxiao/ws_rep/ws_openarm_ros2,4,39,1255,9,4,3,1,,,17,8,6,341,83,,649,,182
as2_platform_tello,/home/qiguanxiao/ws_rep/ws_as2_platform_tello,1,45,1253,23,2,9,3,,,29,1,1,1065,93,,66,,29
feetech_ros2_driver,/home/qiguanxiao/ws_rep/ws_feetech_ros2_driver,1,55,1251,25,2,10,5,,,36,,2,1066,148,,,,37
tecgihan_driver,/home/qiguanxiao/ws_rep/ws_tecgihan_driver,1,63,1238,24,,,7,,,39,11,6,,,,1084,,154
replay_testing,/home/qiguanxiao/ws_rep/ws_replay_testing,1,67,1231,24,1,,2,,,37,26,1,,36,,1162,,33
ffmpeg_encoder_decoder,/home/qiguanxiao/ws_rep/dependencies/ffmpeg_encoder_decoder,1,43,1221,20,1,11,3,,,27,,1,1083,112,,,,26
turtlebot3_machine_learning,/home/qiguanxiao/ws_rep/ws_turtlebot3_machine_learning,2,17,1215,3,1,,2,,,4,8,2,,7,,1159,,49
pluginlib,/home/qiguanxiao/ws_rep/dependencies/pluginlib,1,23,1204,6,1,13,1,,,5,,3,1078,72,,,,54
robot_state_publisher,/home/qiguanxiao/ws_rep/dependencies/robot_state_publisher,1,56,1201,19,1,7,3,,,29,11,5,598,116,,330,,157
simple_grasping,/home/qiguanxiao/ws_rep/ws_simple_grasping,1,41,1199,20,1,11,2,,,25,1,1,1051,101,,17,,30
soar_ros,/home/qiguanxiao/ws_rep/ws_soar_ros,1,77,1176,25,1,11,10,,,50,4,1,903,68,,183,,22
homing_local_planner,/home/qiguanxiao/ws_rep/ws_homing_local_planner,1,50,1172,21,1,5,2,,,37,2,3,851,62,,191,,68
laser_geometry,/home/qiguanxiao/ws_rep/dependencies/laser_geometry,1,37,1172,18,1,4,1,,,27,3,1,746,77,,304,,45
libstatistics_collector,/home/qiguanxiao/ws_rep/dependencies/libstatistics_collector,1,59,1171,30,1,19,4,2,,32,,1,1047,91,,,6,27
rosidl_runtime_py,/home/qiguanxiao/ws_rep/dependencies/rosidl_runtime_py,1,47,1169,17,,,2,,,28,16,1,,,,1144,,25
turtlebot4_simulator,/home/qiguanxiao/ws_rep/ws_turtlebot4_simulator,4,37,1166,11,5,4,6,,,13,5,4,387,131,,555,,93
fmi_adapter,/home/qiguanxiao/ws_rep/ws_fmi_adapter,2,26,1163,12,2,6,4,,,8,4,2,842,78,,187,,56
event_camera_py,/home/qiguanxiao/ws_rep/dependencies/event_camera_py,1,63,1157,23,1,6,6,,,37,12,1,545,13,,558,,41
moveit_msgs,/home/qiguanxiao/ws_rep/dependencies/moveit_msgs,1,113,1142,19,1,,3,77,,31,,1,,124,,,985,33
geometry_tutorials,/home/qiguanxiao/ws_rep/ws_geometry_tutorials,3,35,1135,7,2,6,3,,,3,18,3,367,104,,590,,74
boost_plugin_loader,/home/qiguanxiao/ws_rep/dependencies/boost_plugin_loader,1,67,1132,23,3,19,2,,,42,,1,977,134,,,,21
robotont_driver,/home/qiguanxiao/ws_rep/ws_robotont_driver,1,52,1129,22,1,21,2,,,25,2,1,962,80,,54,,33
ros2caret,/home/qiguanxiao/ws_rep/ws_ros2caret,1,78,1128,23,,,3,,,48,26,1,,,,1103,,25
pmb2_navigation,/home/qiguanxiao/ws_rep/ws_pmb2_navigation,4,43,1118,11,4,,4,,,21,10,4,,119,,885,,114
autoware_msgs,/home/qiguanxiao/ws_rep/dependencies/autoware_msgs,11,113,1112,14,11,,17,71,,3,,11,,232,,,620,260
mola_gnss_to_markers,/home/qiguanxiao/ws_rep/ws_mola_gnss_to_markers,1,50,1100,21,1,1,3,,,36,8,1,137,37,,905,,21
whill,/home/qiguanxiao/ws_rep/ws_ros2_whill,5,38,1093,15,3,9,4,,,11,6,5,806,68,,141,,78
lms1xx,/home/qiguanxiao/ws_rep/ws_LMS1xx,1,45,1086,24,1,7,2,,1,31,1,2,899,36,8,22,,121
fluent_rviz,/home/qiguanxiao/ws_rep/ws_FluentRviz,1,32,1085,16,1,2,3,,,25,,1,1048,18,,,,19
as2_platform_crazyflie,/home/qiguanxiao/ws_rep/ws_as2_platform_crazyflie,1,45,1084,22,1,4,3,,,31,5,1,558,95,,403,,28
gps_umd,/home/qiguanxiao/ws_rep/ws_gps_umd,4,27,1066,11,4,4,4,2,1,5,3,4,629,156,22,85,91,83
as2_platform_mavlink,/home/qiguanxiao/ws_rep/ws_as2_platform_mavlink,1,45,1052,23,2,5,4,,,30,3,1,605,95,,321,,31
nodl_to_policy,/home/qiguanxiao/ws_rep/ws_nodl_to_policy,1,61,1048,27,,,3,,,30,19,9,,,,866,,182
hatchbed_common,/home/qiguanxiao/ws_rep/ws_hatchbed_common,1,32,1041,16,1,4,2,,,24,,1,1007,19,,,,15
sick_safevisionary_ros2,/home/qiguanxiao/ws_rep/ws_sick_safevisionary_ros2,3,34,1038,6,3,5,6,15,,,2,3,577,90,,214,97,60
pal_gripper,/home/qiguanxiao/ws_rep/dependencies/pal_gripper,6,64,1036,17,6,,6,,10,21,8,13,,61,103,458,,414
micro_ros_diagnostics,/home/qiguanxiao/ws_rep/ws_micro_ros_diagnostics,4,39,1034,17,4,6,8,3,,12,2,4,594,239,,60,51,90
aruco_opencv,/home/qiguanxiao/ws_rep/ws_ros_aruco_opencv,2,19,1032,7,2,4,3,3,,4,,3,865,83,,,7,77
nodl,/home/qiguanxiao/ws_rep/dependencies/nodl,2,51,1026,16,,,4,,,10,33,4,,,,956,,70
marti_messages,/home/qiguanxiao/ws_rep/dependencies/marti_messages,9,104,1013,13,9,1,9,72,,4,,9,20,273,,,538,182
turtlebot4_setup,/home/qiguanxiao/ws_rep/ws_turtlebot4_setup,1,68,997,29,1,,3,,,55,5,4,,17,,891,,89
warehouse_ros_mongo,/home/qiguanxiao/ws_rep/dependencies/warehouse_ros_mongo,1,55,982,22,1,9,3,,,37,3,2,705,100,,140,,37
rosbag2_bag_v2,/home/qiguanxiao/ws_rep/ws_rosbag2_bag_v2,2,33,980,9,2,13,2,,,11,1,4,672,201,,31,,76
point_cloud_msg_wrapper,/home/qiguanxiao/ws_rep/ws_point_cloud_msg_wra,1,11,973,4,1,8,1,,,,,1,921,33,,,,19
clearpath_simulator,/home/qiguanxiao/ws_rep/ws_clearpath_simulator,3,23,968,6,3,,3,,,4,10,3,,50,,855,,63
rqt_robot_monitor,/home/qiguanxiao/ws_rep/ws_rqt_robot_monitor,1,43,955,17,,,1,,,28,12,2,,,,889,,66
robot_upstart,/home/qiguanxiao/ws_rep/dependencies/robot_upstart,1,62,948,23,,,8,,2,40,11,1,,,4,922,,22
mrt_cmake_modules,/home/qiguanxiao/ws_rep/dependencies/mrt_cmake_modules,1,133,948,23,2,,3,,,120,7,1,,153,,755,,40
bno055,/home/qiguanxiao/ws_rep/ws_bno055,1,65,937,23,,,10,,,38,16,1,,,,910,,27
rqt_image_view,/home/qiguanxiao/ws_rep/ws_rqt_image_view,1,37,926,19,1,4,1,,,28,1,2,786,83,,8,,49
ld08_driver,/home/qiguanxiao/ws_rep/ws_ld08_driver,1,42,917,18,1,10,3,,,26,1,1,825,48,,17,,27
rosidl_typesupport_fastrtps,/home/qiguanxiao/ws_rep/dependencies/rosidl_typesupport_fastrtps,3,71,912,24,3,20,11,2,,26,6,3,432,220,,152,2,106
ntrip_client,/home/qiguanxiao/ws_rep/ws_ntrip_client,1,48,882,20,,,2,,,33,12,1,,,,861,,21
digestible,/home/qiguanxiao/ws_rep/ws_digestible,1,34,874,18,2,2,2,,,27,,1,852,9,,,,13
tiago_simulation,/home/qiguanxiao/ws_rep/ws_tiago_simulation,3,31,867,10,3,1,4,,5,10,4,4,124,49,178,439,,77
raspimouse_description,/home/qiguanxiao/ws_rep/dependencies/raspimouse_description,1,72,863,31,1,,3,,,50,4,14,,29,,161,,673
teleop_twist_joy,/home/qiguanxiao/ws_rep/dependencies/teleop_twist_joy,1,60,854,22,1,3,2,,,42,11,1,368,76,,386,,24
ros2launch_security,/home/qiguanxiao/ws_rep/ws_ros2launch_security,2,31,843,9,1,2,2,,,7,14,5,120,77,,572,,74
raspimouse2,/home/qiguanxiao/ws_rep/dependencies/raspimouse2,2,16,842,6,2,3,2,3,,3,1,2,607,105,,58,11,61
rqt_robot_dashboard,/home/qiguanxiao/ws_rep/ws_rqt_robot_dashboard,1,118,840,19,,,3,,,102,12,1,,,,808,,32
angles,/home/qiguanxiao/ws_rep/dependencies/angles,1,10,822,4,2,2,1,,,1,3,1,401,22,,371,,28
imu_pipeline,/home/qiguanxiao/ws_rep/ws_imu_pipeline,3,20,815,6,3,6,3,,,3,,5,590,117,,,,108
rmf_battery,/home/qiguanxiao/ws_rep/dependencies/rmf_battery,1,24,814,10,1,17,3,,,2,,1,686,107,,,,21
rqt_gauges,/home/qiguanxiao/ws_rep/ws_gauges2,1,56,806,20,,,2,,,38,14,2,,,,737,,69
leo_common,/home/qiguanxiao/ws_rep/ws_leo_common-ros2,4,37,805,8,4,,4,5,,14,,10,,53,,,60,692
extrinsic_calibrator,/home/qiguanxiao/ws_rep/ws_extrinsic_calibrator,3,29,795,10,3,,4,,,7,12,3,,63,,649,,83
topic_based_ros2_control,/home/qiguanxiao/ws_rep/ws_topic_based_ros2_control,1,49,795,20,1,3,6,,,32,4,3,359,59,,187,,190
nmea_hardware_interface,/home/qiguanxiao/ws_rep/ws_nmea_hardware_interface,1,45,786,21,1,4,3,,,32,1,4,536,97,,83,,70
velodyne_simulator,/home/qiguanxiao/ws_rep/dependencies/velodyne_simulator,3,28,771,9,3,2,3,,,13,1,6,233,57,,77,,404
gscam,/home/qiguanxiao/ws_rep/ws_gscam,1,45,761,20,1,4,3,,,29,1,7,492,61,,58,,150
warehouse_ros,/home/qiguanxiao/ws_rep/dependencies/warehouse_ros,1,49,753,19,1,14,3,,,30,,1,656,70,,,,27
network_interface,/home/qiguanxiao/ws_rep/ws_network_interface,1,41,739,19,1,9,2,2,,26,,1,669,43,,,9,18
grbl_ros,/home/qiguanxiao/ws_rep/ws_grbl_ros,1,57,731,21,,,10,,,33,13,1,,,,712,,19
as2_platform_dji_psdk,/home/qiguanxiao/ws_rep/ws_as2_platform_dji_psdk,1,45,730,21,2,4,3,,,33,2,1,473,82,,149,,26
event_camera_renderer,/home/qiguanxiao/ws_rep/ws_event_camera_renderer,1,57,727,21,1,16,3,,1,32,2,2,587,13,11,74,,42
dynamixel-workbench-msgs,/home/qiguanxiao/ws_rep/ws_dynamixel-workbench-msgs,1,23,724,2,1,,1,20,,,,1,,49,,,647,28
andino_gz,/home/qiguanxiao/ws_rep/ws_andino_gz,1,44,721,22,1,,1,,,31,8,3,,21,,453,,247
grid_map_geo,/home/qiguanxiao/ws_rep/ws_grid_map_geo,2,21,707,10,4,8,,1,,3,1,4,440,107,,67,17,76
kobuki_velocity_smoother,/home/qiguanxiao/ws_rep/dependencies/kobuki_velocity_smoother,1,44,697,22,1,3,3,,,31,4,2,273,52,,316,,56
turtlebot4_tutorials,/home/qiguanxiao/ws_rep/ws_turtlebot4_tutorials,4,34,697,9,2,1,3,,,5,19,4,73,24,,525,,75
metro_nav,/home/qiguanxiao/ws_rep/ws_metro_nav,3,21,695,6,2,5,3,1,,2,5,3,401,65,,153,25,51
the_navigation_gauntlet,/home/qiguanxiao/ws_rep/dependencies/the_navigation_gauntlet,1,14,685,3,,,,,,2,11,1,,,,662,,23
hri_face_body_matcher,/home/qiguanxiao/ws_rep/ws_hri_face_body_matcher,1,36,674,21,1,4,3,,,26,1,1,554,40,,37,,43
depthimage_to_laserscan,/home/qiguanxiao/ws_rep/dependencies/depthimage_to_laserscan,1,40,663,19,1,7,3,,,26,2,1,516,81,,42,,24
hls-lfcd-lds-driver,/home/qiguanxiao/ws_rep/dependencies/hls-lfcd-lds-driver,1,44,656,23,1,9,2,,,29,2,1,546,40,,43,,27
imu_calib,/home/qiguanxiao/ws_rep/ws_imu_calib,1,39,644,17,1,11,1,,,25,,1,557,55,,,,32
ur_simulation_gz,/home/qiguanxiao/ws_rep/ws_Universal_Robots_ROS2_GZ_Simulation,1,8,643,3,1,,1,,,1,4,1,,22,,586,,35
rqt_publisher,/home/qiguanxiao/ws_rep/dependencies/rqt_publisher,1,38,637,16,,,1,,,28,7,2,,,,598,,39
dolly,/home/qiguanxiao/ws_rep/ws_dolly,5,105,634,42,5,2,5,,,85,3,5,213,135,,167,,119
kinematics_interface,/home/qiguanxiao/ws_rep/dependencies/kinematics_interface,2,13,625,7,2,6,2,,,,,3,476,98,,,,51
stubborn_buddies,/home/qiguanxiao/ws_rep/dependencies/stubborn_buddies,2,12,624,3,2,4,,2,,,,4,402,127,,,11,84
gazebo_model_attachment_plugin,/home/qiguanxiao/ws_rep/ws_gazebo_model_attachment_plugin,2,21,613,7,2,2,2,2,,6,5,2,237,54,,251,14,57
urdf,/home/qiguanxiao/ws_rep/dependencies/urdf,2,36,600,6,2,9,2,,1,19,,3,385,128,16,,,71
gazebo_planar_move_plugin,/home/qiguanxiao/ws_rep/dependencies/gazebo_planar_move_plugin,1,38,598,22,1,2,4,,,29,1,1,377,38,,157,,26
pal_gazebo_plugins,/home/qiguanxiao/ws_rep/dependencies/pal_gazebo_plugins,1,36,594,16,1,6,3,,,25,,1,552,14,,,,28
ffmpeg_image_transport,/home/qiguanxiao/ws_rep/ws_ffmpeg_image_transport,1,44,592,20,1,5,5,,,29,2,2,384,99,,64,,45
aruco_markers,/home/qiguanxiao/ws_rep/ws_aruco_markers,2,17,591,5,2,6,3,2,,2,,2,430,108,,,7,46
affordance_primitives,/home/qiguanxiao/ws_rep/ws_affordance_primitives,1,41,587,19,2,7,3,,,28,,1,515,51,,,,21
simple_actions,/home/qiguanxiao/ws_rep/dependencies/simple_actions,1,45,580,19,1,5,5,,,28,5,1,354,55,,152,,19
fadecandy_ros,/home/qiguanxiao/ws_rep/ws_fadecandy_ros,2,19,574,5,2,7,4,2,,2,,2,455,77,,,6,36
pointcloud_to_laserscan,/home/qiguanxiao/ws_rep/dependencies/pointcloud_to_laserscan,1,36,573,17,1,6,2,,,24,2,1,419,25,,91,,38
color_util,/home/qiguanxiao/ws_rep/ws_color_util,1,12,570,5,1,6,,,,4,,1,510,45,,,,15
situational_graphs_datasets,/home/qiguanxiao/ws_rep/dependencies/situational_graphs_datasets,1,39,568,16,,,1,,,31,6,1,,,,551,,17
foxglove_compressed_video_transport,/home/qiguanxiao/ws_rep/ws_foxglove_compressed_video_transport,1,44,568,20,1,5,5,,,29,2,2,362,99,,62,,45
automotive_autonomy_msgs,/home/qiguanxiao/ws_rep/ws_automotive_autonomy_msgs,3,52,565,4,3,,3,42,,1,,3,,170,,,309,86
lusb,/home/qiguanxiao/ws_rep/dependencies/lusb,1,33,565,16,1,3,2,,,26,,1,499,45,,,,21
ament_package,/home/qiguanxiao/ws_rep/dependencies/ament_package,1,75,563,26,,,2,,,60,12,1,,,,544,,19
pmb2_simulation,/home/qiguanxiao/ws_rep/ws_pmb2_simulation,2,10,533,1,2,,2,,,,4,2,,17,,464,,52
autoware_adapi_msgs,/home/qiguanxiao/ws_rep/ws_autoware_adapi_msgs,2,88,529,29,2,,4,80,,,,2,,101,,,384,44
quaternion_operation,/home/qiguanxiao/ws_rep/dependencies/quaternion_operation,1,47,522,23,1,4,6,,,34,1,1,393,55,,43,,31
omni_base_simulation,/home/qiguanxiao/ws_rep/ws_omni_base_simulation,2,10,522,1,2,,2,,,,4,2,,13,,464,,45
performance_test_fixture,/home/qiguanxiao/ws_rep/dependencies/performance_test_fixture,1,39,517,19,1,7,3,,,27,,1,422,70,,,,25
aandd_ekew_driver_py,/home/qiguanxiao/ws_rep/ws_aandd_ekew_driver_py,1,40,516,18,,,2,,,29,8,1,,,,495,,21
picknik_controllers,/home/qiguanxiao/ws_rep/dependencies/picknik_controllers,2,14,512,6,2,6,2,,,,,4,357,102,,,,53
rqt_topic,/home/qiguanxiao/ws_rep/dependencies/rqt_topic,1,40,511,17,,,1,,,29,8,2,,,,469,,42
laser_proc,/home/qiguanxiao/ws_rep/dependencies/laser_proc,1,35,507,16,1,8,2,,,23,,1,425,56,,,,26
ffmpeg_image_transport_tools,/home/qiguanxiao/ws_rep/ws_ffmpeg_image_transport_tools,1,41,505,19,1,4,5,,,29,1,1,387,66,,27,,25
clearpath_desktop,/home/qiguanxiao/ws_rep/ws_clearpath_desktop,3,24,505,3,3,,3,,,5,10,3,,30,,423,,52
raspimouse_slam_navigation_ros2,/home/qiguanxiao/ws_rep/ws_raspimouse_slam_navigation_ros2,3,21,503,6,3,,4,,,5,6,3,,30,,396,,77
autoware_internal_msgs,/home/qiguanxiao/ws_rep/ws_autoware_internal_msgs,6,56,501,8,6,,7,37,,,,6,,147,,,210,144
resource_retriever,/home/qiguanxiao/ws_rep/dependencies/resource_retriever,2,20,498,6,2,4,2,,,7,3,2,221,157,,62,,58
simulation_interfaces,/home/qiguanxiao/ws_rep/ws_simulation_interfaces,1,63,497,16,1,,2,35,,24,,1,,65,,,409,23
py_binding_tools,/home/qiguanxiao/ws_rep/ws_py_binding_tools,1,41,492,20,1,7,2,,,29,1,1,364,45,,60,,23
apriltag_ros,/home/qiguanxiao/ws_rep/ws_apriltag_ros,1,38,489,18,1,6,1,,,29,,1,338,122,,,,29
nobleo_socketcan_bridge,/home/qiguanxiao/ws_rep/ws_nobleo_socketcan_bridge,1,37,483,19,1,6,2,,,25,,3,343,70,,,,70
raspimouse_sim,/home/qiguanxiao/ws_rep/ws_raspimouse_sim,3,42,478,18,3,3,3,,,26,4,3,127,70,,214,,67
clearpath_ros2_socketcan_interface,/home/qiguanxiao/ws_rep/ws_clearpath_ros2_socketcan_interface,1,40,478,21,1,3,4,,,29,2,1,150,59,,248,,21
hri_msgs,/home/qiguanxiao/ws_rep/ws_hri_msgs,1,48,459,15,1,,3,17,,26,,1,,38,,,401,20
numpy_ndarray_msgs,/home/qiguanxiao/ws_rep/ws_numpy_ndarray_msgs,1,56,454,22,1,,6,1,,39,8,1,,17,,410,6,21
human_description,/home/qiguanxiao/ws_rep/ws_human_description,1,38,449,20,1,,3,,,28,4,2,,14,,129,,306
leo_simulator,/home/qiguanxiao/ws_rep/ws_leo_simulator-ros2,4,55,449,15,4,1,5,,,39,2,4,108,90,,150,,101
dual_laser_merger,/home/qiguanxiao/ws_rep/ws_dual_laser_merger,1,36,446,22,1,2,3,,,28,1,1,328,19,,67,,32
classic_bags,/home/qiguanxiao/ws_rep/ws_classic_bags,1,39,443,19,1,2,2,,,30,3,1,226,32,,160,,25
python_qt_binding,/home/qiguanxiao/ws_rep/dependencies/python_qt_binding,1,41,441,17,1,,3,,,31,5,1,,21,,388,,32
neo_nav2_bringup,/home/qiguanxiao/ws_rep/dependencies/neo_nav2_bringup,1,37,432,16,1,,2,,,28,5,1,,17,,399,,16
rqt_moveit,/home/qiguanxiao/ws_rep/ws_rqt_moveit,1,35,427,17,,,1,,,28,4,2,,,,364,,63
kinematics_interface_pinocchio,/home/qiguanxiao/ws_rep/ws_kinematics_interface_pinocchio,1,36,427,19,1,3,2,,,28,,2,339,57,,,,31
soccer_visualization,/home/qiguanxiao/ws_rep/ws_soccer_visualization,1,14,425,4,1,5,1,,,5,1,1,319,50,,33,,23
autoware_auto_msgs,/home/qiguanxiao/ws_rep/ws_autoware_auto_msgs,9,112,423,13,9,,3,,,91,,9,,226,,,,197
pose_cov_ops,/home/qiguanxiao/ws_rep/dependencies/pose_cov_ops,1,34,420,18,1,3,3,,,26,,1,255,115,,,,50
urg_c,/home/qiguanxiao/ws_rep/dependencies/urg_c,1,121,419,32,1,13,2,,,104,,1,325,74,,,,20
heightmap_spawner,/home/qiguanxiao/ws_rep/ws_heightmap_spawner,1,42,405,20,1,1,3,,,34,2,1,231,32,,119,,23
control_msgs,/home/qiguanxiao/ws_rep/dependencies/control_msgs,1,30,403,4,1,,2,25,,,1,1,,62,,2,309,30
ros2acceleration,/home/qiguanxiao/ws_rep/ws_ros2acceleration,1,46,401,19,,,3,,,26,16,1,,,,375,,26
wall_follower_ros2,/home/qiguanxiao/ws_rep/ws_wall_follower_ros2,1,33,398,17,1,1,1,,,27,1,2,325,30,,14,,29
rqt_service_caller,/home/qiguanxiao/ws_rep/dependencies/rqt_service_caller,1,36,394,16,,,1,,,28,5,2,,,,356,,38
mrpt_msgs,/home/qiguanxiao/ws_rep/dependencies/mrpt_msgs,1,59,394,17,1,,3,27,,27,,1,,103,,,257,34
soccer_interfaces,/home/qiguanxiao/ws_rep/ws_soccer_interfaces,4,44,386,3,4,,7,29,,,,4,,84,,,225,77
rqt_tf_tree,/home/qiguanxiao/ws_rep/ws_rqt_tf_tree,1,36,382,17,,,1,,,27,6,2,,,,336,,46
nao_interfaces,/home/qiguanxiao/ws_rep/dependencies/nao_interfaces,2,33,377,2,2,,2,27,,,,2,,71,,,269,37
rqt_robot_steering,/home/qiguanxiao/ws_rep/dependencies/rqt_robot_steering,1,32,375,17,,,1,,,26,3,2,,,,336,,39
vrpn_mocap,/home/qiguanxiao/ws_rep/ws_vrpn_mocap,1,42,375,20,1,5,3,,,32,,1,304,43,,,,28
py_trees_ros_interfaces,/home/qiguanxiao/ws_rep/dependencies/py_trees_ros_interfaces,1,52,373,17,1,,2,22,,26,,1,,55,,,288,30
test_interface_files,/home/qiguanxiao/ws_rep/dependencies/test_interface_files,1,47,371,17,1,,2,16,,27,,1,,47,,,308,16
zed-ros2-interfaces,/home/qiguanxiao/ws_rep/ws_zed-ros2-interfaces,1,69,371,19,1,,3,23,,41,,1,,93,,,240,38
gazebo_set_joint_positions_plugin,/home/qiguanxiao/ws_rep/ws_gazebo_set_joint_positions_plugin,1,39,368,22,1,2,4,,,30,1,1,179,42,,121,,26
nonpersistent_voxel_layer,/home/qiguanxiao/ws_rep/ws_nonpersistent_voxel_layer,1,31,368,17,1,2,1,,,25,,2,251,77,,,,40
rqt_runtime_monitor,/home/qiguanxiao/ws_rep/ws_rqt_runtime_monitor,1,35,367,16,,,1,,,28,4,2,,,,321,,46
tracetools_acceleration,/home/qiguanxiao/ws_rep/ws_tracetools_acceleration,1,38,361,16,1,5,2,,,29,,1,226,115,,,,20
marine_msgs,/home/qiguanxiao/ws_rep/ws_marine_msgs,2,19,361,2,2,,4,11,,,,2,,54,,,258,49
rosbag2_to_video,/home/qiguanxiao/ws_rep/ws_rosbag2_to_video,1,40,360,18,,,3,,,28,8,1,,,,335,,25
octomap_ros,/home/qiguanxiao/ws_rep/dependencies/octomap_ros,1,34,356,19,1,3,3,,,26,,1,296,33,,,,27
ament_black,/home/qiguanxiao/ws_rep/dependencies/ament_black,2,22,353,6,1,,4,,,6,9,2,,14,,293,,46
naoqi_bridge_msgs2,/home/qiguanxiao/ws_rep/dependencies/naoqi_bridge_msgs2,1,86,351,18,1,,2,51,,31,,1,,36,,,288,27
irobot_create_msgs,/home/qiguanxiao/ws_rep/ws_irobot_create_msgs,1,62,346,18,1,,4,31,,25,,1,,60,,,258,28
perception_open3d,/home/qiguanxiao/ws_rep/ws_perception_open3d,1,9,344,4,1,4,2,,,1,,1,275,45,,,,24
sync_parameter_server,/home/qiguanxiao/ws_rep/ws_sync_parameter_server,1,35,341,21,1,1,2,,,29,1,1,275,27,,22,,17
cob_common,/home/qiguanxiao/ws_rep/ws_cob_common,4,28,333,3,4,,4,16,,,,4,,94,,,144,95
hri_actions_msgs,/home/qiguanxiao/ws_rep/ws_hri_actions_msgs,1,38,332,16,1,,2,10,,24,,1,,29,,,282,21
rqt_shell,/home/qiguanxiao/ws_rep/dependencies/rqt_shell,1,39,321,16,,,1,,,28,8,2,,,,282,,39
parameter_expression,/home/qiguanxiao/ws_rep/ws_parameter_expression,1,37,321,19,1,4,1,,,30,,1,244,54,,,,23
interactive_marker_twist_server,/home/qiguanxiao/ws_rep/dependencies/interactive_marker_twist_server,1,39,318,18,1,1,3,,1,30,1,2,214,41,6,31,,26
message_tf_frame_transformer,/home/qiguanxiao/ws_rep/ws_message_tf_frame_transformer,1,38,317,20,1,3,2,,,30,,2,215,54,,,,48
kobuki_ros_interfaces,/home/qiguanxiao/ws_rep/dependencies/kobuki_ros_interfaces,1,49,315,16,1,,2,19,,26,,1,,44,,,242,29
boost_geometry_util,/home/qiguanxiao/ws_rep/ws_boost_geometry_util,1,40,306,22,1,6,3,,,29,,1,263,24,,,,19
rqt_msg,/home/qiguanxiao/ws_rep/dependencies/rqt_msg,1,38,302,16,,,1,,,28,7,2,,,,257,,45
at_sonde_ros_driver,/home/qiguanxiao/ws_rep/ws_at_sonde_ros_driver,1,33,293,17,1,1,3,,,27,,1,238,37,,,,18
system_fingerprint,/home/qiguanxiao/ws_rep/ws_ros_system_fingerprint,1,35,293,17,,,1,,,28,5,1,,,,271,,22
rai_interfaces,/home/qiguanxiao/ws_rep/ws_rai_interfaces,1,40,292,16,1,,2,12,,24,,1,,33,,,228,31
urdf_test,/home/qiguanxiao/ws_rep/dependencies/urdf_test,1,36,291,17,1,,3,,,25,6,1,,15,,255,,21
ur_msgs,/home/qiguanxiao/ws_rep/dependencies/ur_msgs,1,44,290,18,1,,3,14,,25,,1,,39,,,215,36
ntpd_driver,/home/qiguanxiao/ws_rep/ws_ntpd_driver,1,37,285,19,1,3,3,,,28,,2,185,44,,,,56
metrics_msgs,/home/qiguanxiao/ws_rep/ws_metrics_msgs,3,16,285,9,2,3,2,1,,3,3,2,99,58,,66,26,36
example_interfaces,/home/qiguanxiao/ws_rep/dependencies/example_interfaces,1,65,281,17,1,,4,33,,26,,1,,48,,,213,20
doom_ros,/home/qiguanxiao/ws_rep/ws_doom_ros,1,46,280,20,1,,2,,,39,3,1,,31,,232,,17
situational_graphs_wrapper,/home/qiguanxiao/ws_rep/dependencies/situational_graphs_wrapper,1,32,279,15,,,1,,,27,3,1,,,,263,,16
urdf_tutorial,/home/qiguanxiao/ws_rep/ws_urdf_tutorial,1,50,270,18,1,,2,,,44,1,2,,12,,26,,232
robosoft_openai,/home/qiguanxiao/ws_rep/ws_robosoft_openai,1,42,268,22,1,3,1,,,36,,1,215,34,,,,19
yashar_turtle_chase,/home/qiguanxiao/ws_rep/ws_yashar_turtle_chase,1,39,265,18,,,1,,,29,8,1,,,,237,,28
wireless,/home/qiguanxiao/ws_rep/ws_wireless,2,18,263,5,1,,2,4,,2,7,2,,21,,175,25,42
jacro,/home/qiguanxiao/ws_rep/ws_jacro,1,44,259,19,1,,2,,,36,4,1,,17,,219,,23
libyaml_vendor,/home/qiguanxiao/ws_rep/dependencies/libyaml_vendor,1,37,252,15,1,2,5,,,28,,1,109,118,,,,25
turbojpeg_compressed_image_transport,/home/qiguanxiao/ws_rep/ws_turbojpeg_compressed_image_transport,1,33,250,16,1,4,2,,,24,,2,173,42,,,,35
bag2_to_image,/home/qiguanxiao/ws_rep/ws_bag2_to_image,1,35,247,18,1,2,3,,,28,,1,170,54,,,,23
urinterfaces,/home/qiguanxiao/ws_rep/ws_urinterfaces,1,62,237,18,1,,3,30,,27,,1,,59,,,151,27
clearpath_msgs,/home/qiguanxiao/ws_rep/ws_clearpath_msgs,2,16,235,2,2,,2,10,,,,2,,31,,,169,35
lgsvl_msgs,/home/qiguanxiao/ws_rep/ws_lgsvl_msgs,1,43,233,14,1,,2,15,,24,,1,,84,,,120,29
variants,/home/qiguanxiao/ws_rep/ws_variants,6,18,231,0,6,,6,,,,,6,,24,,,,207
console_bridge_vendor,/home/qiguanxiao/ws_rep/dependencies/console_bridge_vendor,1,31,229,15,1,1,3,,,25,,1,98,106,,,,25
snowbot_operating_system,/home/qiguanxiao/ws_rep/ws_snowbot_operating_system,1,34,227,18,1,2,1,,,28,,2,147,56,,,,24
teleop_twist_keyboard,/home/qiguanxiao/ws_rep/dependencies/teleop_twist_keyboard,1,35,226,15,,,3,,,26,5,1,,,,205,,21
clearpath_nav2_demos,/home/qiguanxiao/ws_rep/ws_clearpath_nav2_demos,1,46,226,22,1,,4,,,37,3,1,,16,,189,,21
talos_simulation,/home/qiguanxiao/ws_rep/ws_talos_simulation,1,29,223,14,1,,1,,,24,2,1,,5,,193,,25
social_nav_ros,/home/qiguanxiao/ws_rep/ws_social_nav_ros,3,18,223,5,1,,2,4,,3,5,3,,28,,133,14,48
rqt_py_console,/home/qiguanxiao/ws_rep/dependencies/rqt_py_console,1,38,222,16,,,1,,,28,7,2,,,,181,,41
fluent_bit_vendor,/home/qiguanxiao/ws_rep/ws_fluent_bit_vendor,1,31,221,15,1,,2,,,27,,1,,201,,,,20
adaptive_component,/home/qiguanxiao/ws_rep/ws_adaptive_component,1,31,216,15,1,2,3,,,24,,1,145,42,,,,29
multiple_topic_monitor,/home/qiguanxiao/ws_rep/ws_multiple_topic_monitor,1,36,203,16,,,2,,,27,6,1,,,,186,,17
ros_industrial_cmake_boilerplate,/home/qiguanxiao/ws_rep/dependencies/ros_industrial_cmake_boilerplate,1,46,202,17,1,,3,,,40,1,1,,50,,131,,21
turtlebot4_desktop,/home/qiguanxiao/ws_rep/ws_turtlebot4_desktop,2,11,200,2,2,,2,,,2,3,2,,19,,149,,32
pal_gazebo_worlds,/home/qiguanxiao/ws_rep/ws_pal_gazebo_worlds,1,428,193,243,1,,2,,,420,1,4,,12,,74,,107
orocos_kdl_vendor,/home/qiguanxiao/ws_rep/dependencies/orocos_kdl_vendor,2,8,190,0,2,,2,,,2,,2,,135,,,,55
rosidl_dds,/home/qiguanxiao/ws_rep/dependencies/rosidl_dds,1,17,187,7,1,,1,,,11,3,1,,22,,144,,21
ament_cmake_ros,/home/qiguanxiao/ws_rep/dependencies/ament_cmake_ros,2,20,187,4,1,,2,,,7,8,2,,15,,134,,38
flexbe_app,/home/qiguanxiao/ws_rep/ws_flexbe_app,1,186,180,31,1,,3,,,178,3,1,,38,,102,,40
rpyutils,/home/qiguanxiao/ws_rep/dependencies/rpyutils,1,44,178,18,,,3,,,31,9,1,,,,160,,18
zbar_ros,/home/qiguanxiao/ws_rep/ws_zbar_ros,1,33,178,19,1,3,2,,,26,,1,112,44,,,,22
nao_button_sim,/home/qiguanxiao/ws_rep/ws_nao_button_sim,1,44,177,20,,,3,,,34,6,1,,,,160,,17
octomap_msgs,/home/qiguanxiao/ws_rep/dependencies/octomap_msgs,1,32,172,17,1,1,2,4,,23,,1,90,34,,,25,23
ament_download,/home/qiguanxiao/ws_rep/ws_ament_download,1,30,171,15,1,,1,,,26,1,1,,15,,143,,13
nmea_msgs,/home/qiguanxiao/ws_rep/dependencies/nmea_msgs,1,37,169,14,1,,2,9,,24,,1,,22,,,125,22
apex_test_tools,/home/qiguanxiao/ws_rep/ws_apex_test_tools,2,8,167,5,2,2,,,,2,,2,107,26,,,,34
random_numbers,/home/qiguanxiao/ws_rep/dependencies/random_numbers,1,37,167,18,1,2,3,,,30,,1,103,31,,,,33
pal_navigation_cfg_public,/home/qiguanxiao/ws_rep/dependencies/pal_navigation_cfg_public,3,14,164,2,3,,3,,,4,1,3,,26,,88,,50
sick_safetyscanners2_interfaces,/home/qiguanxiao/ws_rep/ws_sick_safetyscanners2_interfaces,1,44,164,15,1,,2,16,,24,,1,,38,,,106,20
object_recognition_msgs,/home/qiguanxiao/ws_rep/dependencies/object_recognition_msgs,1,35,163,16,1,,1,8,,24,,1,,42,,,94,27
joy_tester,/home/qiguanxiao/ws_rep/ws_joy_tester,1,37,163,16,,,3,,,27,6,1,,,,144,,19
talos_moveit_config,/home/qiguanxiao/ws_rep/ws_talos_moveit_config,1,42,161,15,1,,2,,,36,2,1,,5,,132,,24
metro_gazebo_plugins,/home/qiguanxiao/ws_rep/ws_metro_gazebo_plugins,1,4,161,3,1,2,,,,,,1,104,41,,,,16
turtlebot3_msgs,/home/qiguanxiao/ws_rep/ws_turtlebot3_msgs,1,39,158,18,1,,3,7,,27,,1,,35,,,85,38
odom_to_tf_ros2,/home/qiguanxiao/ws_rep/ws_odom_to_tf_ros2,1,35,152,18,1,1,2,,,29,1,1,88,26,,20,,18
tvm_vendor,/home/qiguanxiao/ws_rep/ws_tvm_vendor,1,36,151,18,1,,2,,,32,,1,,124,,,,27
ros_testing,/home/qiguanxiao/ws_rep/dependencies/ros_testing,2,16,149,5,1,,2,,,4,7,2,,10,,91,,48
twist_stamper,/home/qiguanxiao/ws_rep/ws_twist_stamper,1,38,145,16,,,3,,,27,7,1,,,,122,,23
foonathan_memory_vendor,/home/qiguanxiao/ws_rep/dependencies/foonathan_memory_vendor,1,34,139,13,1,,4,,,28,,1,,115,,,,24
vision_msgs_layers,/home/qiguanxiao/ws_rep/ws_vision_msgs_layers,1,7,134,3,1,3,1,,,,,2,66,46,,,,22
tiago_navigation,/home/qiguanxiao/ws_rep/ws_tiago_navigation,4,18,134,4,4,,4,,,6,,4,,58,,,,76
python_mrpt_ros,/home/qiguanxiao/ws_rep/ws_python_mrpt_ros,1,2,131,0,1,,,,,,,1,,65,,,,66
plotjuggler_msgs,/home/qiguanxiao/ws_rep/ws_plotjuggler_msgs,1,35,123,16,1,1,1,5,,26,,1,47,39,,,17,20
situational_graphs_msgs,/home/qiguanxiao/ws_rep/ws_situational_graphs_msgs,1,41,120,15,1,,1,13,,25,,1,,36,,,61,23
navigation_msgs,/home/qiguanxiao/ws_rep/dependencies/navigation_msgs,1,13,114,2,1,,1,10,,,,1,,35,,,46,33
dynamixel_interfaces,/home/qiguanxiao/ws_rep/ws_dynamixel_interfaces,1,36,114,17,1,,3,4,,27,,1,,26,,,63,25
marvelmind_ros2_msgs,/home/qiguanxiao/ws_rep/ws_marvelmind_ros2_msgs_upstream,1,37,114,14,1,,2,10,,23,,1,,34,,,59,21
rc_common_msgs,/home/qiguanxiao/ws_rep/ws_rc_common_msgs_ros2,1,40,113,16,1,,2,5,,31,,1,,34,,,60,19
grasping_msgs,/home/qiguanxiao/ws_rep/ws_grasping_msgs,1,33,113,15,1,,2,5,,24,,1,,31,,,59,23
rqt_action,/home/qiguanxiao/ws_rep/dependencies/rqt_action,1,33,112,16,,,1,,,26,4,2,,,,64,,48
marker_msgs,/home/qiguanxiao/ws_rep/ws_marker_msgs,1,39,108,15,1,,2,8,,27,,1,,30,,,51,27
uncrustify_vendor,/home/qiguanxiao/ws_rep/dependencies/uncrustify_vendor,1,29,105,13,1,,1,,,26,,1,,81,,,,24
rqt_srv,/home/qiguanxiao/ws_rep/dependencies/rqt_srv,1,34,105,16,,,1,,,27,4,2,,,,64,,41
mimick_vendor,/home/qiguanxiao/ws_rep/dependencies/mimick_vendor,1,30,104,13,1,,3,,,25,,1,,80,,,,24
gz_math6_vendor,/home/qiguanxiao/ws_rep/dependencies/gz_math6_vendor,0,30,104,13,1,,2,,,26,,1,,81,,,,23
gz_cmake2_vendor,/home/qiguanxiao/ws_rep/dependencies/gz_cmake2_vendor,0,29,103,13,1,,2,,,25,,1,,81,,,,22
canboat_vendor,/home/qiguanxiao/ws_rep/ws_canboat_vendor,1,29,99,13,1,,2,,,25,,1,,83,,,,16
clips_vendor,/home/qiguanxiao/ws_rep/ws_clips_vendor,1,30,98,14,1,,2,,,26,,1,,81,,,,17
google_benchmark_vendor,/home/qiguanxiao/ws_rep/dependencies/google_benchmark_vendor,1,30,98,13,1,,2,,,26,,1,,80,,,,18
gazebo_no_physics_plugin,/home/qiguanxiao/ws_rep/ws_gazebo_no_physics_plugin,1,33,98,20,1,2,4,,,25,,1,49,29,,,,20
mola_common,/home/qiguanxiao/ws_rep/dependencies/mola_common,1,34,97,15,1,,3,,,29,,1,,68,,,,29
yaml_cpp_vendor,/home/qiguanxiao/ws_rep/dependencies/yaml_cpp_vendor,1,31,96,14,1,,1,,,28,,1,,75,,,,21
udp_msgs,/home/qiguanxiao/ws_rep/dependencies/udp_msgs,1,34,95,17,1,,3,3,,26,,1,,53,,,18,24
nlohmann_json_schema_validator_vendor,/home/qiguanxiao/ws_rep/dependencies/nlohmann_json_schema_validator_vendor,1,30,94,13,1,,3,,,25,,1,,78,,,,16
turtlebot3_applications_msgs,/home/qiguanxiao/ws_rep/dependencies/turtlebot3_applications_msgs,1,35,94,17,1,,3,3,,27,,1,,26,,,41,27
aws-robomaker-small-warehouse-world,/home/qiguanxiao/ws_rep/ws_aws-robomaker-small-warehouse-world,1,153,93,81,1,,4,,,145,2,1,,12,,62,,19
ros_image_to_qimage,/home/qiguanxiao/ws_rep/ws_ros_image_to_qimage,1,35,92,18,1,2,3,,,28,,1,32,42,,,,18
situational_graphs_reasoning_msgs,/home/qiguanxiao/ws_rep/dependencies/situational_graphs_reasoning_msgs,1,36,91,15,1,,1,9,,24,,1,,29,,,42,20
hokuyo_node2,/home/qiguanxiao/ws_rep/ws_hokuyo_node2,1,3,91,1,1,1,,,,,,1,54,19,,,,18
pybind11_vendor,/home/qiguanxiao/ws_rep/dependencies/pybind11_vendor,1,28,90,13,1,,1,,,25,,1,,68,,,,22
urdf_launch,/home/qiguanxiao/ws_rep/ws_urdf_launch,1,33,90,15,1,,2,,,27,2,1,,8,,61,,21
soccer_object_msgs,/home/qiguanxiao/ws_rep/ws_soccer_object_msgs,1,42,89,16,1,,3,9,,28,,1,,33,,,32,24
eigen_stl_containers,/home/qiguanxiao/ws_rep/dependencies/eigen_stl_containers,1,29,88,15,1,3,1,,,23,,1,42,27,,,,19
rosidl_defaults,/home/qiguanxiao/ws_rep/dependencies/rosidl_defaults,2,10,86,0,2,,4,,,2,,2,,22,,,,64
leo_desktop,/home/qiguanxiao/ws_rep/ws_leo_desktop-ros2,2,9,82,2,2,,2,,,1,,4,,18,,,,64
four_wheel_steering_msgs,/home/qiguanxiao/ws_rep/ws_four_wheel_steering_msgs,1,30,82,14,1,,2,2,,24,,1,,18,,,43,21
tlsf,/home/qiguanxiao/ws_rep/dependencies/tlsf,1,8,81,3,1,2,2,,,2,,1,33,30,,,,18
weight_scale_interfaces,/home/qiguanxiao/ws_rep/dependencies/weight_scale_interfaces,1,32,79,15,1,,2,3,,25,,1,,35,,,24,20
ackermann_msgs,/home/qiguanxiao/ws_rep/dependencies/ackermann_msgs,1,32,79,14,1,,2,2,,26,,1,,19,,,40,20
ecl_tools,/home/qiguanxiao/ws_rep/dependencies/ecl_tools,3,17,79,3,3,,2,,,8,,4,,16,,,,63
rmf_variants,/home/qiguanxiao/ws_rep/ws_rmf_variants,1,3,78,0,1,,1,,,,,1,,4,,,,74
actuator_msgs,/home/qiguanxiao/ws_rep/dependencies/actuator_msgs,1,36,78,14,1,,2,8,,24,,1,,25,,,34,19
whill_msgs,/home/qiguanxiao/ws_rep/dependencies/whill_msgs,1,8,77,2,1,,,6,,,,1,,20,,,41,16
grbl_msgs,/home/qiguanxiao/ws_rep/ws_grbl_msgs,1,39,77,18,1,,3,5,,29,,1,,35,,,22,20
wrapyfi_ros2_interfaces,/home/qiguanxiao/ws_rep/ws_wrapyfi_ros2_interfaces,1,32,76,15,1,,1,5,,24,,1,,25,,,30,21
ptz_action_server,/home/qiguanxiao/ws_rep/dependencies/ptz_action_server,1,8,75,2,1,,1,5,,,,1,,14,,,43,18
acado_vendor,/home/qiguanxiao/ws_rep/ws_acado_vendor,1,32,74,14,1,,2,,,28,,1,,57,,,,17
osqp_vendor,/home/qiguanxiao/ws_rep/dependencies/osqp_vendor,1,32,73,16,1,,3,,,27,,1,,50,,,,23
zenoh_bridge_dds,/home/qiguanxiao/ws_rep/ws_zenoh-plugin-dds,1,61,72,23,1,,5,,,54,,1,,41,,,,31
pcl_msgs,/home/qiguanxiao/ws_rep/dependencies/pcl_msgs,1,33,71,15,1,,2,5,,24,,1,,29,,,15,27
mocap4r2_msgs,/home/qiguanxiao/ws_rep/dependencies/mocap4r2_msgs,1,35,70,15,1,,2,6,,25,,1,,25,,,24,21
urg_node_msgs,/home/qiguanxiao/ws_rep/dependencies/urg_node_msgs,1,30,70,14,1,,2,1,,25,,1,,23,,,23,24
ros_workspace,/home/qiguanxiao/ws_rep/ws_ros_workspace,1,29,70,14,1,,1,,,26,,1,,52,,,,18
radar_msgs,/home/qiguanxiao/ws_rep/ws_radar_msgs,1,32,69,15,1,,1,4,,25,,1,,17,,,33,19
openeb_vendor,/home/qiguanxiao/ws_rep/ws_openeb_vendor,1,31,67,16,1,,2,,,27,,1,,26,,,,41
autoware_cmake,/home/qiguanxiao/ws_rep/ws_autoware_cmake,2,10,65,1,2,,4,,,2,,2,,23,,,,42
picknik_ament_copyright,/home/qiguanxiao/ws_rep/ws_picknik_ament_copyright,1,36,63,16,,,3,,,28,4,1,,,,45,,18
graph_msgs,/home/qiguanxiao/ws_rep/ws_graph_msgs,1,34,63,16,1,,3,2,,27,,1,,31,,,10,22
apriltag_msgs,/home/qiguanxiao/ws_rep/dependencies/apriltag_msgs,1,29,60,16,1,,,3,,24,,1,,28,,,12,20
hash_library_vendor,/home/qiguanxiao/ws_rep/ws_hash_library_vendor,1,32,59,15,1,,3,,,27,,1,,40,,,,19
mola_test_datasets,/home/qiguanxiao/ws_rep/dependencies/mola_test_datasets,1,68,58,22,1,,7,,,59,,1,,21,,,,37
event_camera_msgs,/home/qiguanxiao/ws_rep/ws_event_camera_msgs,1,34,58,18,1,,3,2,,27,,1,,13,,,18,27
rtcm_msgs,/home/qiguanxiao/ws_rep/dependencies/rtcm_msgs,1,27,57,14,1,,,1,,24,,1,,27,,,3,27
tinyxml_vendor,/home/qiguanxiao/ws_rep/dependencies/tinyxml_vendor,1,33,57,15,1,,2,,,29,,1,,41,,,,16
micro_ros_msgs,/home/qiguanxiao/ws_rep/ws_micro_ros_msgs,1,34,54,16,1,,4,3,,25,,1,,25,,,11,18
rqt_common_plugins,/home/qiguanxiao/ws_rep/ws_rqt_common_plugins,1,26,53,13,1,,1,,,23,,1,,4,,,,49
nao_meshes,/home/qiguanxiao/ws_rep/ws_nao_meshes2,1,37,52,16,1,,2,,,33,,1,,35,,,,17
pybind11_json_vendor,/home/qiguanxiao/ws_rep/dependencies/pybind11_json_vendor,1,28,52,13,1,,3,,,23,,1,,36,,,,16
sol_vendor,/home/qiguanxiao/ws_rep/ws_sol_vendor,1,34,52,15,1,,3,,,29,,1,,35,,,,17
zmqpp_vendor,/home/qiguanxiao/ws_rep/ws_zmqpp_vendor,1,32,52,15,1,,3,,,27,,1,,34,,,,18
unique_identifier_msgs,/home/qiguanxiao/ws_rep/dependencies/unique_identifier_msgs,1,33,51,14,1,,4,1,,26,,1,,23,,,5,23
pepper_meshes,/home/qiguanxiao/ws_rep/ws_pepper_meshes2,1,37,51,16,1,,2,,,33,,1,,34,,,,17
ros_environment,/home/qiguanxiao/ws_rep/dependencies/ros_environment,1,41,49,15,1,,1,,,38,,1,,35,,,,14
libcaer_vendor,/home/qiguanxiao/ws_rep/ws_libcaer_vendor,1,31,47,16,1,,2,,,27,,1,,21,,,,26
ortools_vendor,/home/qiguanxiao/ws_rep/dependencies/ortools_vendor,1,31,44,16,1,,1,,,28,,1,,22,,,,22
rmf_visualization_msgs,/home/qiguanxiao/ws_rep/dependencies/rmf_visualization_msgs,1,4,44,1,1,,1,1,,,,1,,21,,,3,20
ai_prompt_msgs,/home/qiguanxiao/ws_rep/ws_ai_prompt_msgs,1,28,44,14,1,,1,1,,24,,1,,15,,,10,19
ouxt_common,/home/qiguanxiao/ws_rep/dependencies/ouxt_common,2,6,43,0,2,,2,,,,,2,,11,,,,32
qpoases_vendor,/home/qiguanxiao/ws_rep/ws_qpoases_vendor,1,34,43,17,1,,2,,,30,,1,,23,,,,20
ffmpeg_image_transport_msgs,/home/qiguanxiao/ws_rep/dependencies/ffmpeg_image_transport_msgs,1,31,41,16,1,,3,1,,25,,1,,15,,,8,18
ros2cli_common_extensions,/home/qiguanxiao/ws_rep/dependencies/ros2cli_common_extensions,1,3,41,0,1,,1,,,,,1,,8,,,,33
cudnn_cmake_module,/home/qiguanxiao/ws_rep/ws_cudnn_cmake_module,1,33,40,17,1,,3,,,28,,1,,24,,,,16
aws_sdk_cpp_vendor,/home/qiguanxiao/ws_rep/ws_aws_sdk_cpp_vendor,1,29,40,13,1,,3,,,24,,1,,21,,,,19
slider_publisher,/home/qiguanxiao/ws_rep/ws_slider_publisher,1,43,40,15,1,,2,,2,37,,1,,8,16,,,16
hri_privacy_msgs,/home/qiguanxiao/ws_rep/ws_hri_privacy_msgs,1,29,39,14,1,,2,1,,24,,1,,14,,,8,17
tango_icons_vendor,/home/qiguanxiao/ws_rep/dependencies/tango_icons_vendor,1,878,38,26,1,,2,,,874,,1,,18,,,,20
ament_nodl,/home/qiguanxiao/ws_rep/ws_ament_nodl,1,31,38,14,1,,2,,,27,,1,,23,,,,15
tinyspline_vendor,/home/qiguanxiao/ws_rep/ws_tinyspline_vendor,1,30,37,13,1,,3,,,25,,1,,18,,,,19
fmilibrary_vendor,/home/qiguanxiao/ws_rep/ws_fmilibrary_vendor,1,28,37,15,1,,2,,,24,,1,,21,,,,16
rmf_cmake_uncrustify,/home/qiguanxiao/ws_rep/ws_rmf_cmake_uncrustify,1,6,37,1,1,,1,,,3,,1,,17,,,,20
twist_mux_msgs,/home/qiguanxiao/ws_rep/dependencies/twist_mux_msgs,1,31,34,14,1,,3,2,,24,,1,,11,,,4,19
tensorrt_cmake_module,/home/qiguanxiao/ws_rep/ws_tensorrt_cmake_module,1,32,33,17,1,,3,,,27,,1,,16,,,,17
ros2_control_cmake,/home/qiguanxiao/ws_rep/ws_ros2_control_cmake,1,5,33,1,1,,1,,,2,,1,,14,,,,19
ament_vitis,/home/qiguanxiao/ws_rep/dependencies/ament_vitis,1,42,32,14,1,,3,,,37,,1,,13,,,,19
python_cmake_module,/home/qiguanxiao/ws_rep/dependencies/python_cmake_module,1,30,31,15,1,,2,,,26,,1,,12,,,,19
tinyxml2_vendor,/home/qiguanxiao/ws_rep/dependencies/tinyxml2_vendor,1,31,30,15,1,,1,,,28,,1,,9,,,,21
eigen3_cmake_module,/home/qiguanxiao/ws_rep/dependencies/eigen3_cmake_module,1,32,29,15,1,,3,,,27,,1,,14,,,,15
ament_acceleration,/home/qiguanxiao/ws_rep/dependencies/ament_acceleration,1,31,27,14,1,,3,,,26,,1,,10,,,,17
ament_cmake_catch2,/home/qiguanxiao/ws_rep/dependencies/ament_cmake_catch2,1,8,25,2,1,,4,,,2,,1,,11,,,,14
pal_maps,/home/qiguanxiao/ws_rep/dependencies/pal_maps,1,44,19,22,1,,2,,,40,,1,,5,,,,14
rmf_building_map_msgs,/home/qiguanxiao/ws_rep/dependencies/rmf_building_map_msgs,1,16,160,2,1,,3,11,,,,1,,35,,,103,22
spdlog_vendor,/home/qiguanxiao/ws_rep/dependencies/spdlog_vendor,1,8,99,0,1,,5,,,1,,1,,76,,,,23
rcl_logging,/home/qiguanxiao/ws_rep/dependencies/rcl_logging,3,23,851,9,3,8,5,,,4,,3,641,141,,,,69
launch_param_builder,/home/qiguanxiao/ws_rep/dependencies/launch_param_builder,1,51,301,24,,,3,,,37,9,2,,,,258,,43
rcl_logging_syslog,/home/qiguanxiao/ws_rep/ws_rcl_logging_syslog,1,63,558,29,1,2,6,,,53,,1,489,47,,,,22
log_view,/home/qiguanxiao/ws_rep/ws_log_view,1,59,2268,22,1,28,2,,,27,,1,2201,43,,,,24
nmea_navsat_driver,/home/qiguanxiao/ws_rep/ws_nmea_navsat_driver,1,62,1037,28,1,,7,,1,40,12,1,,45,17,938,,37
